"../../../Engine/Content/EditorResources/S_Actor.uasset" 0
"../../../Engine/Content/EditorResources/S_Actor.ubulk" 1
"../../../Engine/Content/EditorResources/S_Actor.uexp" 2
"../../../Engine/Content/EditorResources/S_BoxReflectionCapture.uasset" 3
"../../../Engine/Content/EditorResources/S_BoxReflectionCapture.uexp" 4
"../../../Engine/Content/EngineResources/DefaultTextureCube.uasset" 5
"../../../Engine/Content/EngineResources/DefaultTextureCube.uexp" 6
"../../../Engine/Content/EngineResources/DefaultVolumeTexture2D.uasset" 7
"../../../Engine/Content/EngineResources/DefaultVolumeTexture2D.uexp" 8
"../../../Engine/Content/EngineResources/DefaultVolumeTexture.uasset" 9
"../../../Engine/Content/EngineResources/DefaultVolumeTexture.uexp" 10
"../../../Engine/Content/EditorResources/S_Trigger.uasset" 11
"../../../Engine/Content/EditorResources/S_Trigger.ubulk" 12
"../../../Engine/Content/EditorResources/S_Trigger.uexp" 13
"../../../Engine/Content/EditorResources/S_TriggerBox.uasset" 14
"../../../Engine/Content/EditorResources/S_TriggerBox.uexp" 15
"../../../Engine/Content/EditorResources/S_TriggerCapsule.uasset" 16
"../../../Engine/Content/EditorResources/S_TriggerCapsule.uexp" 17
"../../../Engine/Content/EditorResources/S_TriggerSphere.uasset" 18
"../../../Engine/Content/EditorResources/S_TriggerSphere.uexp" 19
"../../../Engine/Content/EngineMeshes/Sphere.uasset" 20
"../../../Engine/Content/EngineMeshes/Sphere.ubulk" 21
"../../../Engine/Content/EngineMeshes/Sphere.uexp" 22
"../../../Engine/Content/EngineResources/GradientTexture0.uasset" 23
"../../../Engine/Content/EngineResources/GradientTexture0.uexp" 24
"../../../Engine/Content/VREditor/LaserPointer/VR_LaserPower_01.uasset" 25
"../../../Engine/Content/VREditor/LaserPointer/VR_LaserPower_01.ubulk" 26
"../../../Engine/Content/VREditor/LaserPointer/VR_LaserPower_01.uexp" 27
"../../../Engine/Content/VREditor/TransformGizmo/TransformGizmoMaterial.uasset" 28
"../../../Engine/Content/VREditor/TransformGizmo/TransformGizmoMaterial.uexp" 29
"../../../Engine/Content/VREditor/TransformGizmo/TranslucentTransformGizmoMaterial.uasset" 30
"../../../Engine/Content/VREditor/TransformGizmo/TranslucentTransformGizmoMaterial.uexp" 31
"../../../Engine/Content/VREditor/TransformGizmo/BoundingBoxCorner.uasset" 32
"../../../Engine/Content/VREditor/TransformGizmo/BoundingBoxCorner.ubulk" 33
"../../../Engine/Content/VREditor/TransformGizmo/BoundingBoxCorner.uexp" 34
"../../../Engine/Content/VREditor/TransformGizmo/BoundingBoxEdge.uasset" 35
"../../../Engine/Content/VREditor/TransformGizmo/BoundingBoxEdge.ubulk" 36
"../../../Engine/Content/VREditor/TransformGizmo/BoundingBoxEdge.uexp" 37
"../../../Engine/Content/VREditor/TransformGizmo/Main.uasset" 38
"../../../Engine/Content/VREditor/TransformGizmo/Main.uexp" 39
"../../../Engine/Content/VREditor/TransformGizmo/Xray.uasset" 40
"../../../Engine/Content/VREditor/TransformGizmo/Xray.uexp" 41
"../../../Engine/Content/VREditor/TransformGizmo/SM_Sequencer_Node.uasset" 42
"../../../Engine/Content/VREditor/TransformGizmo/SM_Sequencer_Node.ubulk" 43
"../../../Engine/Content/VREditor/TransformGizmo/SM_Sequencer_Node.uexp" 44
"../../../Engine/Content/EditorResources/S_Solver.uasset" 45
"../../../Engine/Content/EditorResources/S_Solver.ubulk" 46
"../../../Engine/Content/EditorResources/S_Solver.uexp" 47
"../../../Engine/Content/EditorMaterials/Camera/CineMat.uasset" 48
"../../../Engine/Content/EditorMaterials/Camera/CineMat.uexp" 49
"../../../Engine/Content/EditorMaterials/Camera/MI_CineMat_Rig.uasset" 50
"../../../Engine/Content/EditorMaterials/Camera/MI_CineMat_Rig.uexp" 51
"../../../Engine/Content/EditorMeshes/Camera/SM_CraneRig_Base.uasset" 52
"../../../Engine/Content/EditorMeshes/Camera/SM_CraneRig_Base.ubulk" 53
"../../../Engine/Content/EditorMeshes/Camera/SM_CraneRig_Base.uexp" 54
"../../../Engine/Content/EditorMeshes/Camera/SM_CraneRig_Arm.uasset" 55
"../../../Engine/Content/EditorMeshes/Camera/SM_CraneRig_Arm.ubulk" 56
"../../../Engine/Content/EditorMeshes/Camera/SM_CraneRig_Arm.uexp" 57
"../../../Engine/Content/EditorMeshes/Camera/SM_CraneRig_Mount.uasset" 58
"../../../Engine/Content/EditorMeshes/Camera/SM_CraneRig_Mount.ubulk" 59
"../../../Engine/Content/EditorMeshes/Camera/SM_CraneRig_Mount.uexp" 60
"../../../Engine/Content/EditorMeshes/Camera/SM_CraneRig_Body.uasset" 61
"../../../Engine/Content/EditorMeshes/Camera/SM_CraneRig_Body.ubulk" 62
"../../../Engine/Content/EditorMeshes/Camera/SM_CraneRig_Body.uexp" 63
"../../../Engine/Content/EditorMeshes/Camera/SM_RailRig_Track.uasset" 64
"../../../Engine/Content/EditorMeshes/Camera/SM_RailRig_Track.ubulk" 65
"../../../Engine/Content/EditorMeshes/Camera/SM_RailRig_Track.uexp" 66
"../../../Engine/Content/EditorMeshes/Camera/SM_RailRig_Mount.uasset" 67
"../../../Engine/Content/EditorMeshes/Camera/SM_RailRig_Mount.ubulk" 68
"../../../Engine/Content/EditorMeshes/Camera/SM_RailRig_Mount.uexp" 69
"../../../Engine/Content/EngineMaterials/T_Default_Material_Grid_M.uasset" 70
"../../../Engine/Content/EngineMaterials/T_Default_Material_Grid_M.ubulk" 71
"../../../Engine/Content/EngineMaterials/T_Default_Material_Grid_M.uexp" 72
"../../../Engine/Content/EngineMaterials/T_Default_Material_Grid_N.uasset" 73
"../../../Engine/Content/EngineMaterials/T_Default_Material_Grid_N.ubulk" 74
"../../../Engine/Content/EngineMaterials/T_Default_Material_Grid_N.uexp" 75
"../../../Engine/Content/Functions/Engine_MaterialFunctions01/Opacity/CameraDepthFade.uasset" 76
"../../../Engine/Content/Functions/Engine_MaterialFunctions01/Opacity/CameraDepthFade.uexp" 77
"../../../Engine/Content/EngineMaterials/WorldGridMaterial.uasset" 78
"../../../Engine/Content/EngineMaterials/WorldGridMaterial.uexp" 79
"../../../Engine/Content/ArtTools/RenderToTexture/Meshes/S_1_Unit_Plane.uasset" 80
"../../../Engine/Content/ArtTools/RenderToTexture/Meshes/S_1_Unit_Plane.ubulk" 81
"../../../Engine/Content/ArtTools/RenderToTexture/Meshes/S_1_Unit_Plane.uexp" 82
"../../../Engine/Content/EditorMaterials/ParticleSystems/PSysThumbnail_NoImage.uasset" 83
"../../../Engine/Content/EditorMaterials/ParticleSystems/PSysThumbnail_NoImage.ubulk" 84
"../../../Engine/Content/EditorMaterials/ParticleSystems/PSysThumbnail_NoImage.uexp" 85
"../../../Engine/Content/EditorMaterials/ParticleSystems/PSysThumbnail_OOD.uasset" 86
"../../../Engine/Content/EditorMaterials/ParticleSystems/PSysThumbnail_OOD.ubulk" 87
"../../../Engine/Content/EditorMaterials/ParticleSystems/PSysThumbnail_OOD.uexp" 88
"../../../Engine/Content/EditorLandscapeResources/SplineEditorMeshMat.uasset" 89
"../../../Engine/Content/EditorLandscapeResources/SplineEditorMeshMat.uexp" 90
"../../../Engine/Content/EditorLandscapeResources/SplineEditorMesh.uasset" 91
"../../../Engine/Content/EditorLandscapeResources/SplineEditorMesh.ubulk" 92
"../../../Engine/Content/EditorLandscapeResources/SplineEditorMesh.uexp" 93
"../../../Engine/Plugins/Experimental/Water/Content/Icons/WaterBodyExclusionVolumeSprite.uasset" 94
"../../../Engine/Plugins/Experimental/Water/Content/Icons/WaterBodyExclusionVolumeSprite.uexp" 95
"../../../Engine/Plugins/Experimental/Water/Content/Icons/WaterBodyIslandSprite.uasset" 96
"../../../Engine/Plugins/Experimental/Water/Content/Icons/WaterBodyIslandSprite.uexp" 97
"../../../Engine/Plugins/Experimental/Water/Content/Meshes/LakeMesh.uasset" 98
"../../../Engine/Plugins/Experimental/Water/Content/Meshes/LakeMesh.ubulk" 99
"../../../Engine/Plugins/Experimental/Water/Content/Meshes/LakeMesh.uexp" 100
"../../../Engine/Plugins/Experimental/Water/Content/Meshes/RiverMesh.uasset" 101
"../../../Engine/Plugins/Experimental/Water/Content/Meshes/RiverMesh.ubulk" 102
"../../../Engine/Plugins/Experimental/Water/Content/Meshes/RiverMesh.uexp" 103
"../../../Engine/Plugins/Experimental/Water/Content/Icons/WaterZoneActorSprite.uasset" 104
"../../../Engine/Plugins/Experimental/Water/Content/Icons/WaterZoneActorSprite.ubulk" 105
"../../../Engine/Plugins/Experimental/Water/Content/Icons/WaterZoneActorSprite.uexp" 106
"../../../Engine/Plugins/Experimental/Landmass/Content/Landscape/Meshes/S_SpritePlane.uasset" 107
"../../../Engine/Plugins/Experimental/Landmass/Content/Landscape/Meshes/S_SpritePlane.ubulk" 108
"../../../Engine/Plugins/Experimental/Landmass/Content/Landscape/Meshes/S_SpritePlane.uexp" 109
"../../../Engine/Plugins/Media/MediaPlate/Content/SM_MediaPlateScreen.uasset" 110
"../../../Engine/Plugins/Media/MediaPlate/Content/SM_MediaPlateScreen.ubulk" 111
"../../../Engine/Plugins/Media/MediaPlate/Content/SM_MediaPlateScreen.uexp" 112
"../../../Engine/Content/EngineMaterials/DefaultBokeh.uasset" 113
"../../../Engine/Content/EngineMaterials/DefaultBokeh.uexp" 114
"../../../Engine/Content/EngineMaterials/MiniFont.uasset" 115
"../../../Engine/Content/EngineMaterials/MiniFont.uexp" 116
"../../../Engine/Content/EngineMaterials/WeightMapPlaceholderTexture.uasset" 117
"../../../Engine/Content/EngineMaterials/WeightMapPlaceholderTexture.uexp" 118
"../../../Engine/Content/EngineMaterials/WeightMapArrayPlaceholderTexture.uasset" 119
"../../../Engine/Content/EngineMaterials/WeightMapArrayPlaceholderTexture.uexp" 120
"../../../Engine/Content/EngineMaterials/DefaultWhiteGrid.uasset" 121
"../../../Engine/Content/EngineMaterials/DefaultWhiteGrid.ubulk" 122
"../../../Engine/Content/EngineMaterials/DefaultWhiteGrid.uexp" 123
"../../../Engine/Content/EngineMaterials/PreintegratedSkinBRDF.uasset" 124
"../../../Engine/Content/EngineMaterials/PreintegratedSkinBRDF.uexp" 125
"../../../Engine/Content/Functions/Engine_MaterialFunctions02/WorldPositionOffset/CameraOffset.uasset" 126
"../../../Engine/Content/Functions/Engine_MaterialFunctions02/WorldPositionOffset/CameraOffset.uexp" 127
"../../../Engine/Plugins/Animation/ControlRig/Content/M_Manip.uasset" 128
"../../../Engine/Plugins/Animation/ControlRig/Content/M_Manip.uexp" 129
"../../../Engine/Plugins/2D/Paper2D/Content/PlaceholderTextures/DummySpriteTexture.uasset" 130
"../../../Engine/Plugins/2D/Paper2D/Content/PlaceholderTextures/DummySpriteTexture.ubulk" 131
"../../../Engine/Plugins/2D/Paper2D/Content/PlaceholderTextures/DummySpriteTexture.uexp" 132
"../../../Engine/Plugins/2D/Paper2D/Content/DefaultSpriteMaterial.uasset" 133
"../../../Engine/Plugins/2D/Paper2D/Content/DefaultSpriteMaterial.uexp" 134
"../../../Engine/Plugins/2D/Paper2D/Content/OpaqueUnlitSpriteMaterial.uasset" 135
"../../../Engine/Plugins/2D/Paper2D/Content/OpaqueUnlitSpriteMaterial.uexp" 136
"../../../Engine/Plugins/2D/Paper2D/Content/MaskedUnlitSpriteMaterial.uasset" 137
"../../../Engine/Plugins/2D/Paper2D/Content/MaskedUnlitSpriteMaterial.uexp" 138
"../../../Engine/Plugins/2D/Paper2D/Content/DummySprite.uasset" 139
"../../../Engine/Plugins/2D/Paper2D/Content/DummySprite.uexp" 140
"../../../Engine/Plugins/2D/Paper2D/Content/DefaultPaperTerrainMaterial.uasset" 141
"../../../Engine/Plugins/2D/Paper2D/Content/DefaultPaperTerrainMaterial.uexp" 142
"E:/Unreal Projects/UnderSeaRepo/Content/Mixamo/Materials/suckers.uasset" 143
"E:/Unreal Projects/UnderSeaRepo/Content/Mixamo/Materials/suckers.uexp" 144
"E:/Unreal Projects/UnderSeaRepo/Content/Mixamo/SK_MC.uasset" 145
"E:/Unreal Projects/UnderSeaRepo/Content/Mixamo/SK_MC.uexp" 146
"E:/Unreal Projects/UnderSeaRepo/Content/Mixamo/Punch_Combo__1__PhysicsAsset.uasset" 147
"E:/Unreal Projects/UnderSeaRepo/Content/Mixamo/Punch_Combo__1__PhysicsAsset.uexp" 148
"E:/Unreal Projects/UnderSeaRepo/Content/Mixamo/Materials/skin1.uasset" 149
"E:/Unreal Projects/UnderSeaRepo/Content/Mixamo/Materials/skin1.uexp" 150
"E:/Unreal Projects/UnderSeaRepo/Content/Mixamo/Materials/skin2.uasset" 151
"E:/Unreal Projects/UnderSeaRepo/Content/Mixamo/Materials/skin2.uexp" 152
"E:/Unreal Projects/UnderSeaRepo/Content/Mixamo/Materials/Blue.uasset" 153
"E:/Unreal Projects/UnderSeaRepo/Content/Mixamo/Materials/Blue.uexp" 154
"E:/Unreal Projects/UnderSeaRepo/Content/Mixamo/Materials/ArmorBlack.uasset" 155
"E:/Unreal Projects/UnderSeaRepo/Content/Mixamo/Materials/ArmorBlack.uexp" 156
"E:/Unreal Projects/UnderSeaRepo/Content/Mixamo/Materials/SkinBlack.uasset" 157
"E:/Unreal Projects/UnderSeaRepo/Content/Mixamo/Materials/SkinBlack.uexp" 158
"E:/Unreal Projects/UnderSeaRepo/Content/Mixamo/SKM_MC.uasset" 159
"E:/Unreal Projects/UnderSeaRepo/Content/Mixamo/SKM_MC.uexp" 160
"E:/Unreal Projects/UnderSeaRepo/Content/Levels/BP_MainMenuGameMode.uasset" 161
"E:/Unreal Projects/UnderSeaRepo/Content/Levels/BP_MainMenuGameMode.uexp" 162
"E:/Unreal Projects/UnderSeaRepo/Content/Splash/Splash.uasset" 163
"E:/Unreal Projects/UnderSeaRepo/Content/Splash/Splash.uexp" 164
"../../../Engine/Plugins/Runtime/MeshModelingToolset/Content/Materials/M_DynamicMeshComponentVtxColor.uasset" 165
"../../../Engine/Plugins/Runtime/MeshModelingToolset/Content/Materials/M_DynamicMeshComponentVtxColor.uexp" 166
"E:/Unreal Projects/UnderSeaRepo/Content/ThirdPerson/Maps/ThirdPersonMap_BuiltData.uasset" 167
"E:/Unreal Projects/UnderSeaRepo/Content/ThirdPerson/Maps/ThirdPersonMap_BuiltData.ubulk" 168
"E:/Unreal Projects/UnderSeaRepo/Content/ThirdPerson/Maps/ThirdPersonMap_BuiltData.uexp" 169
"E:/Unreal Projects/UnderSeaRepo/Content/Blueprints/E_Stats.uasset" 170
"E:/Unreal Projects/UnderSeaRepo/Content/Blueprints/E_Stats.uexp" 171
"E:/Unreal Projects/UnderSeaRepo/Content/UI/WBP_PlayerCharge.uasset" 172
"E:/Unreal Projects/UnderSeaRepo/Content/UI/WBP_PlayerCharge.uexp" 173
"../../../Engine/Plugins/Animation/ACLPlugin/Content/ACLAnimBoneCompressionSettings.uasset" 174
"../../../Engine/Plugins/Animation/ACLPlugin/Content/ACLAnimBoneCompressionSettings.uexp" 175
"../../../Engine/Content/Animation/DefaultVariableFrameStrippingSettings.uasset" 176
"../../../Engine/Content/Animation/DefaultVariableFrameStrippingSettings.uexp" 177
"E:/Unreal Projects/UnderSeaRepo/Content/MC/SK_MCRootBone.uasset" 178
"E:/Unreal Projects/UnderSeaRepo/Content/MC/SK_MCRootBone.uexp" 179
"../../../Engine/Plugins/Animation/ACLPlugin/Content/ACLAnimCurveCompressionSettings.uasset" 180
"../../../Engine/Plugins/Animation/ACLPlugin/Content/ACLAnimCurveCompressionSettings.uexp" 181
"E:/Unreal Projects/UnderSeaRepo/Content/MC/Animations/MovementRoot/Anim_JogFRRoot.uasset" 182
"E:/Unreal Projects/UnderSeaRepo/Content/MC/Animations/MovementRoot/Anim_JogFRRoot.uexp" 183
"E:/Unreal Projects/UnderSeaRepo/Content/MC/Animations/MovementRoot/Anim_JogFLRoot.uasset" 184
"E:/Unreal Projects/UnderSeaRepo/Content/MC/Animations/MovementRoot/Anim_JogFLRoot.uexp" 185
"E:/Unreal Projects/UnderSeaRepo/Content/MC/Animations/MovementRoot/Anim_JogBRRoot.uasset" 186
"E:/Unreal Projects/UnderSeaRepo/Content/MC/Animations/MovementRoot/Anim_JogBRRoot.uexp" 187
"E:/Unreal Projects/UnderSeaRepo/Content/MC/Animations/MovementRoot/Anim_JogIdleRoot.uasset" 188
"E:/Unreal Projects/UnderSeaRepo/Content/MC/Animations/MovementRoot/Anim_JogIdleRoot.uexp" 189
"E:/Unreal Projects/UnderSeaRepo/Content/MC/Animations/MovementRoot/Anim_JogFRoot.uasset" 190
"E:/Unreal Projects/UnderSeaRepo/Content/MC/Animations/MovementRoot/Anim_JogFRoot.uexp" 191
"E:/Unreal Projects/UnderSeaRepo/Content/MC/Animations/MovementRoot/Anim_JogBRoot.uasset" 192
"E:/Unreal Projects/UnderSeaRepo/Content/MC/Animations/MovementRoot/Anim_JogBRoot.uexp" 193
"E:/Unreal Projects/UnderSeaRepo/Content/MC/Animations/MovementRoot/Anim_JogBLRoot.uasset" 194
"E:/Unreal Projects/UnderSeaRepo/Content/MC/Animations/MovementRoot/Anim_JogBLRoot.uexp" 195
"E:/Unreal Projects/UnderSeaRepo/Content/MC/Animations/MovementRoot/Anim_JogLRoot.uasset" 196
"E:/Unreal Projects/UnderSeaRepo/Content/MC/Animations/MovementRoot/Anim_JogLRoot.uexp" 197
"E:/Unreal Projects/UnderSeaRepo/Content/MC/Animations/MovementRoot/Anim_JogRRoot.uasset" 198
"E:/Unreal Projects/UnderSeaRepo/Content/MC/Animations/MovementRoot/Anim_JogRRoot.uexp" 199
"E:/Unreal Projects/UnderSeaRepo/Content/MC/Animations/MovementRoot/BS_FightMovementRoot.uasset" 200
"E:/Unreal Projects/UnderSeaRepo/Content/MC/Animations/MovementRoot/BS_FightMovementRoot.uexp" 201
"E:/Unreal Projects/UnderSeaRepo/Content/Blueprints/Player/AnimBP_MCRootBone.uasset" 202
"E:/Unreal Projects/UnderSeaRepo/Content/Blueprints/Player/AnimBP_MCRootBone.uexp" 203
"E:/Unreal Projects/UnderSeaRepo/Content/CombatAnimations/Anim_PunchComboRoot.uasset" 204
"E:/Unreal Projects/UnderSeaRepo/Content/CombatAnimations/Anim_PunchComboRoot.uexp" 205
"E:/Unreal Projects/UnderSeaRepo/Content/Blueprints/BPI_Damage.uasset" 206
"E:/Unreal Projects/UnderSeaRepo/Content/Blueprints/BPI_Damage.uexp" 207
"E:/Unreal Projects/UnderSeaRepo/Content/Blueprints/BPNotify_Damage.uasset" 208
"E:/Unreal Projects/UnderSeaRepo/Content/Blueprints/BPNotify_Damage.uexp" 209
"E:/Unreal Projects/UnderSeaRepo/Content/CombatAnimations/Montage_PunchComboRoot.uasset" 210
"E:/Unreal Projects/UnderSeaRepo/Content/CombatAnimations/Montage_PunchComboRoot.uexp" 211
"E:/Unreal Projects/UnderSeaRepo/Content/ThirdPerson/Input/Actions/IA_Lock.uasset" 212
"E:/Unreal Projects/UnderSeaRepo/Content/ThirdPerson/Input/Actions/IA_Lock.uexp" 213
"E:/Unreal Projects/UnderSeaRepo/Content/CombatAnimations/Anim_SuperPunch.uasset" 214
"E:/Unreal Projects/UnderSeaRepo/Content/CombatAnimations/Anim_SuperPunch.uexp" 215
"E:/Unreal Projects/UnderSeaRepo/Content/CombatAnimations/Montage_SuperPunch.uasset" 216
"E:/Unreal Projects/UnderSeaRepo/Content/CombatAnimations/Montage_SuperPunch.uexp" 217
"E:/Unreal Projects/UnderSeaRepo/Content/CombatAnimations/Anim_AbsorbIdle.uasset" 218
"E:/Unreal Projects/UnderSeaRepo/Content/CombatAnimations/Anim_AbsorbIdle.uexp" 219
"E:/Unreal Projects/UnderSeaRepo/Content/CombatAnimations/Montage_AbsorbIdle.uasset" 220
"E:/Unreal Projects/UnderSeaRepo/Content/CombatAnimations/Montage_AbsorbIdle.uexp" 221
"E:/Unreal Projects/UnderSeaRepo/Content/UI/Icons/Target_Lock.uasset" 222
"E:/Unreal Projects/UnderSeaRepo/Content/UI/Icons/Target_Lock.ubulk" 223
"E:/Unreal Projects/UnderSeaRepo/Content/UI/Icons/Target_Lock.uexp" 224
"E:/Unreal Projects/UnderSeaRepo/Content/UI/WBP_TargetLock.uasset" 225
"E:/Unreal Projects/UnderSeaRepo/Content/UI/WBP_TargetLock.uexp" 226
"E:/Unreal Projects/UnderSeaRepo/Content/Blueprints/BP_TargetLockWidget.uasset" 227
"E:/Unreal Projects/UnderSeaRepo/Content/Blueprints/BP_TargetLockWidget.uexp" 228
"E:/Unreal Projects/UnderSeaRepo/Content/ThirdPerson/Input/Actions/IA_SuperPunch.uasset" 229
"E:/Unreal Projects/UnderSeaRepo/Content/ThirdPerson/Input/Actions/IA_SuperPunch.uexp" 230
"E:/Unreal Projects/UnderSeaRepo/Content/CombatAnimations/Anim_Parry.uasset" 231
"E:/Unreal Projects/UnderSeaRepo/Content/CombatAnimations/Anim_Parry.uexp" 232
"E:/Unreal Projects/UnderSeaRepo/Content/CombatAnimations/Montage_Parry.uasset" 233
"E:/Unreal Projects/UnderSeaRepo/Content/CombatAnimations/Montage_Parry.uexp" 234
"E:/Unreal Projects/UnderSeaRepo/Content/Blueprints/BPC_Stats.uasset" 235
"E:/Unreal Projects/UnderSeaRepo/Content/Blueprints/BPC_Stats.uexp" 236
"E:/Unreal Projects/UnderSeaRepo/Content/ThirdPerson/Input/Actions/IA_Attack.uasset" 237
"E:/Unreal Projects/UnderSeaRepo/Content/ThirdPerson/Input/Actions/IA_Attack.uexp" 238
"E:/Unreal Projects/UnderSeaRepo/Content/ThirdPerson/Input/Actions/IA_Dodge.uasset" 239
"E:/Unreal Projects/UnderSeaRepo/Content/ThirdPerson/Input/Actions/IA_Dodge.uexp" 240
"E:/Unreal Projects/UnderSeaRepo/Content/CombatAnimations/Dodge/Anim_DodgeRightRoot.uasset" 241
"E:/Unreal Projects/UnderSeaRepo/Content/CombatAnimations/Dodge/Anim_DodgeRightRoot.uexp" 242
"E:/Unreal Projects/UnderSeaRepo/Content/CombatAnimations/Dodge/Montage_DodgeRightRoot.uasset" 243
"E:/Unreal Projects/UnderSeaRepo/Content/CombatAnimations/Dodge/Montage_DodgeRightRoot.uexp" 244
"E:/Unreal Projects/UnderSeaRepo/Content/CombatAnimations/Dodge/Anim_DodgeLeftRoot.uasset" 245
"E:/Unreal Projects/UnderSeaRepo/Content/CombatAnimations/Dodge/Anim_DodgeLeftRoot.uexp" 246
"E:/Unreal Projects/UnderSeaRepo/Content/CombatAnimations/Dodge/Montage_DodgeLeftRoot.uasset" 247
"E:/Unreal Projects/UnderSeaRepo/Content/CombatAnimations/Dodge/Montage_DodgeLeftRoot.uexp" 248
"E:/Unreal Projects/UnderSeaRepo/Content/CombatAnimations/Dodge/Anim_DodgeForwardRoot.uasset" 249
"E:/Unreal Projects/UnderSeaRepo/Content/CombatAnimations/Dodge/Anim_DodgeForwardRoot.uexp" 250
"E:/Unreal Projects/UnderSeaRepo/Content/CombatAnimations/Dodge/Montage_DodgeForwardRoot.uasset" 251
"E:/Unreal Projects/UnderSeaRepo/Content/CombatAnimations/Dodge/Montage_DodgeForwardRoot.uexp" 252
"E:/Unreal Projects/UnderSeaRepo/Content/ThirdPerson/Input/Actions/IA_Parry.uasset" 253
"E:/Unreal Projects/UnderSeaRepo/Content/ThirdPerson/Input/Actions/IA_Parry.uexp" 254
"E:/Unreal Projects/UnderSeaRepo/Content/Blueprints/E_MovementDirection.uasset" 255
"E:/Unreal Projects/UnderSeaRepo/Content/Blueprints/E_MovementDirection.uexp" 256
"E:/Unreal Projects/UnderSeaRepo/Content/CombatAnimations/Dodge/Anim_DodgeBackwardRoot.uasset" 257
"E:/Unreal Projects/UnderSeaRepo/Content/CombatAnimations/Dodge/Anim_DodgeBackwardRoot.uexp" 258
"E:/Unreal Projects/UnderSeaRepo/Content/CombatAnimations/Dodge/Montage_DodgeBackwardRoot.uasset" 259
"E:/Unreal Projects/UnderSeaRepo/Content/CombatAnimations/Dodge/Montage_DodgeBackwardRoot.uexp" 260
"E:/Unreal Projects/UnderSeaRepo/Content/Blueprints/BPC_Combat.uasset" 261
"E:/Unreal Projects/UnderSeaRepo/Content/Blueprints/BPC_Combat.uexp" 262
"E:/Unreal Projects/UnderSeaRepo/Content/UI/WBP_Resume.uasset" 263
"E:/Unreal Projects/UnderSeaRepo/Content/UI/WBP_Resume.uexp" 264
"E:/Unreal Projects/UnderSeaRepo/Content/UI/WBP_DeathScreen.uasset" 265
"E:/Unreal Projects/UnderSeaRepo/Content/UI/WBP_DeathScreen.uexp" 266
"E:/Unreal Projects/UnderSeaRepo/Content/Enemies/Crab/SK_Crab.uasset" 267
"E:/Unreal Projects/UnderSeaRepo/Content/Enemies/Crab/SK_Crab.uexp" 268
"E:/Unreal Projects/UnderSeaRepo/Content/Enemies/Crab/Animations/Anim_CrabKick.uasset" 269
"E:/Unreal Projects/UnderSeaRepo/Content/Enemies/Crab/Animations/Anim_CrabKick.uexp" 270
"E:/Unreal Projects/UnderSeaRepo/Content/Blueprints/BPNotify_AbsorbWindow.uasset" 271
"E:/Unreal Projects/UnderSeaRepo/Content/Blueprints/BPNotify_AbsorbWindow.uexp" 272
"E:/Unreal Projects/UnderSeaRepo/Content/Enemies/Crab/Animations/Montage_CrabKick.uasset" 273
"E:/Unreal Projects/UnderSeaRepo/Content/Enemies/Crab/Animations/Montage_CrabKick.uexp" 274
"E:/Unreal Projects/UnderSeaRepo/Content/Enemies/Crab/Animations/Anim_CrabPunch.uasset" 275
"E:/Unreal Projects/UnderSeaRepo/Content/Enemies/Crab/Animations/Anim_CrabPunch.uexp" 276
"E:/Unreal Projects/UnderSeaRepo/Content/Enemies/Crab/Animations/Montage_CrabPunch.uasset" 277
"E:/Unreal Projects/UnderSeaRepo/Content/Enemies/Crab/Animations/Montage_CrabPunch.uexp" 278
"E:/Unreal Projects/UnderSeaRepo/Content/Blueprints/AI/BPI_Enemy.uasset" 279
"E:/Unreal Projects/UnderSeaRepo/Content/Blueprints/AI/BPI_Enemy.uexp" 280
"E:/Unreal Projects/UnderSeaRepo/Content/Enemies/Crab/Animations/Anim_CrabStunned.uasset" 281
"E:/Unreal Projects/UnderSeaRepo/Content/Enemies/Crab/Animations/Anim_CrabStunned.uexp" 282
"E:/Unreal Projects/UnderSeaRepo/Content/Enemies/Crab/Animations/Montage_CrabStunned.uasset" 283
"E:/Unreal Projects/UnderSeaRepo/Content/Enemies/Crab/Animations/Montage_CrabStunned.uexp" 284
"E:/Unreal Projects/UnderSeaRepo/Content/Enemies/Crab/Animations/Anim_WalkF.uasset" 285
"E:/Unreal Projects/UnderSeaRepo/Content/Enemies/Crab/Animations/Anim_WalkF.uexp" 286
"E:/Unreal Projects/UnderSeaRepo/Content/Enemies/Crab/Animations/Anim_StandingIdle.uasset" 287
"E:/Unreal Projects/UnderSeaRepo/Content/Enemies/Crab/Animations/Anim_StandingIdle.uexp" 288
"E:/Unreal Projects/UnderSeaRepo/Content/Blueprints/AI/AnimBP_CrabEnemy.uasset" 289
"E:/Unreal Projects/UnderSeaRepo/Content/Blueprints/AI/AnimBP_CrabEnemy.uexp" 290
"E:/Unreal Projects/UnderSeaRepo/Content/CombatAnimations/Anim_AbsorbSuccess.uasset" 291
"E:/Unreal Projects/UnderSeaRepo/Content/CombatAnimations/Anim_AbsorbSuccess.uexp" 292
"E:/Unreal Projects/UnderSeaRepo/Content/CombatAnimations/Montage_AbsorbSuccess.uasset" 293
"E:/Unreal Projects/UnderSeaRepo/Content/CombatAnimations/Montage_AbsorbSuccess.uexp" 294
"E:/Unreal Projects/UnderSeaRepo/Content/Blueprints/BPNotify_ParryWindow.uasset" 295
"E:/Unreal Projects/UnderSeaRepo/Content/Blueprints/BPNotify_ParryWindow.uexp" 296
"E:/Unreal Projects/UnderSeaRepo/Content/Enemies/Crab/Animations/Anim_CrabChop.uasset" 297
"E:/Unreal Projects/UnderSeaRepo/Content/Enemies/Crab/Animations/Anim_CrabChop.uexp" 298
"E:/Unreal Projects/UnderSeaRepo/Content/Enemies/Crab/Animations/Montage_CrabChop.uasset" 299
"E:/Unreal Projects/UnderSeaRepo/Content/Enemies/Crab/Animations/Montage_CrabChop.uexp" 300
"E:/Unreal Projects/UnderSeaRepo/Content/Enemies/Crab/Crab_test___1___1__PhysicsAsset.uasset" 301
"E:/Unreal Projects/UnderSeaRepo/Content/Enemies/Crab/Crab_test___1___1__PhysicsAsset.uexp" 302
"E:/Unreal Projects/UnderSeaRepo/Content/Enemies/Crab/Materials/RedPurple.uasset" 303
"E:/Unreal Projects/UnderSeaRepo/Content/Enemies/Crab/Materials/RedPurple.uexp" 304
"E:/Unreal Projects/UnderSeaRepo/Content/Enemies/Crab/Materials/Purple.uasset" 305
"E:/Unreal Projects/UnderSeaRepo/Content/Enemies/Crab/Materials/Purple.uexp" 306
"E:/Unreal Projects/UnderSeaRepo/Content/Enemies/Crab/Materials/Apple.uasset" 307
"E:/Unreal Projects/UnderSeaRepo/Content/Enemies/Crab/Materials/Apple.uexp" 308
"E:/Unreal Projects/UnderSeaRepo/Content/Enemies/Crab/Materials/Yellow.uasset" 309
"E:/Unreal Projects/UnderSeaRepo/Content/Enemies/Crab/Materials/Yellow.uexp" 310
"E:/Unreal Projects/UnderSeaRepo/Content/Enemies/Crab/SKM_Crab.uasset" 311
"E:/Unreal Projects/UnderSeaRepo/Content/Enemies/Crab/SKM_Crab.uexp" 312
"E:/Unreal Projects/UnderSeaRepo/Content/Blueprints/AI/Tasks/Task_PunchAttack.uasset" 313
"E:/Unreal Projects/UnderSeaRepo/Content/Blueprints/AI/Tasks/Task_PunchAttack.uexp" 314
"E:/Unreal Projects/UnderSeaRepo/Content/Blueprints/AI/BD_AI.uasset" 315
"E:/Unreal Projects/UnderSeaRepo/Content/Blueprints/AI/BD_AI.uexp" 316
"E:/Unreal Projects/UnderSeaRepo/Content/Blueprints/AI/Tasks/Task_SetRandomAttack.uasset" 317
"E:/Unreal Projects/UnderSeaRepo/Content/Blueprints/AI/Tasks/Task_SetRandomAttack.uexp" 318
"E:/Unreal Projects/UnderSeaRepo/Content/Blueprints/AI/Tasks/Task_ChopAttack.uasset" 319
"E:/Unreal Projects/UnderSeaRepo/Content/Blueprints/AI/Tasks/Task_ChopAttack.uexp" 320
"E:/Unreal Projects/UnderSeaRepo/Content/Blueprints/AI/Tasks/Task_KickAttack.uasset" 321
"E:/Unreal Projects/UnderSeaRepo/Content/Blueprints/AI/Tasks/Task_KickAttack.uexp" 322
"E:/Unreal Projects/UnderSeaRepo/Content/Blueprints/AI/Tasks/Task_LookAtPlayer.uasset" 323
"E:/Unreal Projects/UnderSeaRepo/Content/Blueprints/AI/Tasks/Task_LookAtPlayer.uexp" 324
"E:/Unreal Projects/UnderSeaRepo/Content/Blueprints/AI/Tasks/Task_ChasePlayer.uasset" 325
"E:/Unreal Projects/UnderSeaRepo/Content/Blueprints/AI/Tasks/Task_ChasePlayer.uexp" 326
"E:/Unreal Projects/UnderSeaRepo/Content/Blueprints/AI/BT_CrabEnemy.uasset" 327
"E:/Unreal Projects/UnderSeaRepo/Content/Blueprints/AI/BT_CrabEnemy.uexp" 328
"E:/Unreal Projects/UnderSeaRepo/Content/Blueprints/AI/BP_AIEnemy.uasset" 329
"E:/Unreal Projects/UnderSeaRepo/Content/Blueprints/AI/BP_AIEnemy.uexp" 330
"E:/Unreal Projects/UnderSeaRepo/Content/Enemies/Crab/Animations/Anim_CrabPunched.uasset" 331
"E:/Unreal Projects/UnderSeaRepo/Content/Enemies/Crab/Animations/Anim_CrabPunched.uexp" 332
"E:/Unreal Projects/UnderSeaRepo/Content/Enemies/Crab/Animations/Montage_CrabPunched.uasset" 333
"E:/Unreal Projects/UnderSeaRepo/Content/Enemies/Crab/Animations/Montage_CrabPunched.uexp" 334
"E:/Unreal Projects/UnderSeaRepo/Content/UI/WBP_EnemyHealthBar.uasset" 335
"E:/Unreal Projects/UnderSeaRepo/Content/UI/WBP_EnemyHealthBar.uexp" 336
"E:/Unreal Projects/UnderSeaRepo/Content/Blueprints/AI/BP_CrabEnemy.uasset" 337
"E:/Unreal Projects/UnderSeaRepo/Content/Blueprints/AI/BP_CrabEnemy.uexp" 338
"E:/Unreal Projects/UnderSeaRepo/Content/UI/WBP_PlayerHealth.uasset" 339
"E:/Unreal Projects/UnderSeaRepo/Content/UI/WBP_PlayerHealth.uexp" 340
"E:/Unreal Projects/UnderSeaRepo/Content/UI/WBP_LevelComplete.uasset" 341
"E:/Unreal Projects/UnderSeaRepo/Content/UI/WBP_LevelComplete.uexp" 342
"E:/Unreal Projects/UnderSeaRepo/Content/UI/WBP_HUD.uasset" 343
"E:/Unreal Projects/UnderSeaRepo/Content/UI/WBP_HUD.uexp" 344
"E:/Unreal Projects/UnderSeaRepo/Content/CombatAnimations/Anim_HeadPunchedRoot.uasset" 345
"E:/Unreal Projects/UnderSeaRepo/Content/CombatAnimations/Anim_HeadPunchedRoot.uexp" 346
"E:/Unreal Projects/UnderSeaRepo/Content/CombatAnimations/Montage_HeadPunchedRoot.uasset" 347
"E:/Unreal Projects/UnderSeaRepo/Content/CombatAnimations/Montage_HeadPunchedRoot.uexp" 348
"E:/Unreal Projects/UnderSeaRepo/Content/ThirdPerson/Input/Actions/IA_Jump.uasset" 349
"E:/Unreal Projects/UnderSeaRepo/Content/ThirdPerson/Input/Actions/IA_Jump.uexp" 350
"E:/Unreal Projects/UnderSeaRepo/Content/ThirdPerson/Input/Actions/IA_Absorb.uasset" 351
"E:/Unreal Projects/UnderSeaRepo/Content/ThirdPerson/Input/Actions/IA_Absorb.uexp" 352
"E:/Unreal Projects/UnderSeaRepo/Content/ThirdPerson/Input/Actions/IA_Look.uasset" 353
"E:/Unreal Projects/UnderSeaRepo/Content/ThirdPerson/Input/Actions/IA_Look.uexp" 354
"E:/Unreal Projects/UnderSeaRepo/Content/ThirdPerson/Input/Actions/IA_PauseGame.uasset" 355
"E:/Unreal Projects/UnderSeaRepo/Content/ThirdPerson/Input/Actions/IA_PauseGame.uexp" 356
"E:/Unreal Projects/UnderSeaRepo/Content/ThirdPerson/Input/Actions/IA_Move.uasset" 357
"E:/Unreal Projects/UnderSeaRepo/Content/ThirdPerson/Input/Actions/IA_Move.uexp" 358
"E:/Unreal Projects/UnderSeaRepo/Content/ThirdPerson/Input/IMC_Default.uasset" 359
"E:/Unreal Projects/UnderSeaRepo/Content/ThirdPerson/Input/IMC_Default.uexp" 360
"E:/Unreal Projects/UnderSeaRepo/Content/MC/Materials/skin1.uasset" 361
"E:/Unreal Projects/UnderSeaRepo/Content/MC/Materials/skin1.uexp" 362
"E:/Unreal Projects/UnderSeaRepo/Content/MC/Materials/skin2.uasset" 363
"E:/Unreal Projects/UnderSeaRepo/Content/MC/Materials/skin2.uexp" 364
"E:/Unreal Projects/UnderSeaRepo/Content/MC/Materials/SkinBlack.uasset" 365
"E:/Unreal Projects/UnderSeaRepo/Content/MC/Materials/SkinBlack.uexp" 366
"E:/Unreal Projects/UnderSeaRepo/Content/MC/Materials/suckers.uasset" 367
"E:/Unreal Projects/UnderSeaRepo/Content/MC/Materials/suckers.uexp" 368
"E:/Unreal Projects/UnderSeaRepo/Content/MC/MC_ver2__2__PhysicsAsset.uasset" 369
"E:/Unreal Projects/UnderSeaRepo/Content/MC/MC_ver2__2__PhysicsAsset.uexp" 370
"E:/Unreal Projects/UnderSeaRepo/Content/MC/Materials/ArmorBlack.uasset" 371
"E:/Unreal Projects/UnderSeaRepo/Content/MC/Materials/ArmorBlack.uexp" 372
"E:/Unreal Projects/UnderSeaRepo/Content/MC/Materials/Blue.uasset" 373
"E:/Unreal Projects/UnderSeaRepo/Content/MC/Materials/Blue.uexp" 374
"E:/Unreal Projects/UnderSeaRepo/Content/MC/SKM_MCRoot.uasset" 375
"E:/Unreal Projects/UnderSeaRepo/Content/MC/SKM_MCRoot.uexp" 376
"E:/Unreal Projects/UnderSeaRepo/Content/Blueprints/BP_PlayerCharacter.uasset" 377
"E:/Unreal Projects/UnderSeaRepo/Content/Blueprints/BP_PlayerCharacter.uexp" 378
"E:/Unreal Projects/UnderSeaRepo/Content/Blueprints/BP_ThirdPersonGameMode.uasset" 379
"E:/Unreal Projects/UnderSeaRepo/Content/Blueprints/BP_ThirdPersonGameMode.uexp" 380
"E:/Unreal Projects/UnderSeaRepo/Content/StarterContent/Materials/M_Basic_Wall.uasset" 381
"E:/Unreal Projects/UnderSeaRepo/Content/StarterContent/Materials/M_Basic_Wall.uexp" 382
"E:/Unreal Projects/UnderSeaRepo/Content/StarterContent/Shapes/Shape_WideCapsule.uasset" 383
"E:/Unreal Projects/UnderSeaRepo/Content/StarterContent/Shapes/Shape_WideCapsule.ubulk" 384
"E:/Unreal Projects/UnderSeaRepo/Content/StarterContent/Shapes/Shape_WideCapsule.uexp" 385
"E:/Unreal Projects/UnderSeaRepo/Content/StarterContent/Shapes/Shape_Wedge_B.uasset" 386
"E:/Unreal Projects/UnderSeaRepo/Content/StarterContent/Shapes/Shape_Wedge_B.ubulk" 387
"E:/Unreal Projects/UnderSeaRepo/Content/StarterContent/Shapes/Shape_Wedge_B.uexp" 388
"E:/Unreal Projects/UnderSeaRepo/Content/StarterContent/Shapes/Shape_Wedge_A.uasset" 389
"E:/Unreal Projects/UnderSeaRepo/Content/StarterContent/Shapes/Shape_Wedge_A.ubulk" 390
"E:/Unreal Projects/UnderSeaRepo/Content/StarterContent/Shapes/Shape_Wedge_A.uexp" 391
"E:/Unreal Projects/UnderSeaRepo/Content/StarterContent/Shapes/Shape_Tube.uasset" 392
"E:/Unreal Projects/UnderSeaRepo/Content/StarterContent/Shapes/Shape_Tube.ubulk" 393
"E:/Unreal Projects/UnderSeaRepo/Content/StarterContent/Shapes/Shape_Tube.uexp" 394
"E:/Unreal Projects/UnderSeaRepo/Content/StarterContent/Shapes/Shape_TriPyramid.uasset" 395
"E:/Unreal Projects/UnderSeaRepo/Content/StarterContent/Shapes/Shape_TriPyramid.ubulk" 396
"E:/Unreal Projects/UnderSeaRepo/Content/StarterContent/Shapes/Shape_TriPyramid.uexp" 397
"E:/Unreal Projects/UnderSeaRepo/Content/StarterContent/Shapes/Shape_Trim_90_Out.uasset" 398
"E:/Unreal Projects/UnderSeaRepo/Content/StarterContent/Shapes/Shape_Trim_90_Out.ubulk" 399
"E:/Unreal Projects/UnderSeaRepo/Content/StarterContent/Shapes/Shape_Trim_90_Out.uexp" 400
"E:/Unreal Projects/UnderSeaRepo/Content/StarterContent/Shapes/Shape_Trim_90_In.uasset" 401
"E:/Unreal Projects/UnderSeaRepo/Content/StarterContent/Shapes/Shape_Trim_90_In.ubulk" 402
"E:/Unreal Projects/UnderSeaRepo/Content/StarterContent/Shapes/Shape_Trim_90_In.uexp" 403
"E:/Unreal Projects/UnderSeaRepo/Content/StarterContent/Shapes/Shape_Trim.uasset" 404
"E:/Unreal Projects/UnderSeaRepo/Content/StarterContent/Shapes/Shape_Trim.ubulk" 405
"E:/Unreal Projects/UnderSeaRepo/Content/StarterContent/Shapes/Shape_Trim.uexp" 406
"E:/Unreal Projects/UnderSeaRepo/Content/StarterContent/Shapes/Shape_Torus.uasset" 407
"E:/Unreal Projects/UnderSeaRepo/Content/StarterContent/Shapes/Shape_Torus.ubulk" 408
"E:/Unreal Projects/UnderSeaRepo/Content/StarterContent/Shapes/Shape_Torus.uexp" 409
"E:/Unreal Projects/UnderSeaRepo/Content/StarterContent/Shapes/Shape_Plane.uasset" 410
"E:/Unreal Projects/UnderSeaRepo/Content/StarterContent/Shapes/Shape_Plane.ubulk" 411
"E:/Unreal Projects/UnderSeaRepo/Content/StarterContent/Shapes/Shape_Plane.uexp" 412
"E:/Unreal Projects/UnderSeaRepo/Content/StarterContent/Shapes/Shape_Pipe_90.uasset" 413
"E:/Unreal Projects/UnderSeaRepo/Content/StarterContent/Shapes/Shape_Pipe_90.ubulk" 414
"E:/Unreal Projects/UnderSeaRepo/Content/StarterContent/Shapes/Shape_Pipe_90.uexp" 415
"E:/Unreal Projects/UnderSeaRepo/Content/StarterContent/Shapes/Shape_Pipe_180.uasset" 416
"E:/Unreal Projects/UnderSeaRepo/Content/StarterContent/Shapes/Shape_Pipe_180.ubulk" 417
"E:/Unreal Projects/UnderSeaRepo/Content/StarterContent/Shapes/Shape_Pipe_180.uexp" 418
"E:/Unreal Projects/UnderSeaRepo/Content/StarterContent/Shapes/Shape_Pipe.uasset" 419
"E:/Unreal Projects/UnderSeaRepo/Content/StarterContent/Shapes/Shape_Pipe.ubulk" 420
"E:/Unreal Projects/UnderSeaRepo/Content/StarterContent/Shapes/Shape_Pipe.uexp" 421
"E:/Unreal Projects/UnderSeaRepo/Content/StarterContent/Shapes/Shape_NarrowCapsule.uasset" 422
"E:/Unreal Projects/UnderSeaRepo/Content/StarterContent/Shapes/Shape_NarrowCapsule.ubulk" 423
"E:/Unreal Projects/UnderSeaRepo/Content/StarterContent/Shapes/Shape_NarrowCapsule.uexp" 424
"E:/Unreal Projects/UnderSeaRepo/Content/StarterContent/Shapes/Shape_Cylinder.uasset" 425
"E:/Unreal Projects/UnderSeaRepo/Content/StarterContent/Shapes/Shape_Cylinder.ubulk" 426
"E:/Unreal Projects/UnderSeaRepo/Content/StarterContent/Shapes/Shape_Cylinder.uexp" 427
"E:/Unreal Projects/UnderSeaRepo/Content/StarterContent/Shapes/Shape_Cone.uasset" 428
"E:/Unreal Projects/UnderSeaRepo/Content/StarterContent/Shapes/Shape_Cone.ubulk" 429
"E:/Unreal Projects/UnderSeaRepo/Content/StarterContent/Shapes/Shape_Cone.uexp" 430
"E:/Unreal Projects/UnderSeaRepo/Content/StarterContent/Materials/M_Basic_Floor.uasset" 431
"E:/Unreal Projects/UnderSeaRepo/Content/StarterContent/Materials/M_Basic_Floor.uexp" 432
"E:/Unreal Projects/UnderSeaRepo/Content/StarterContent/Props/SM_Stairs.uasset" 433
"E:/Unreal Projects/UnderSeaRepo/Content/StarterContent/Props/SM_Stairs.ubulk" 434
"E:/Unreal Projects/UnderSeaRepo/Content/StarterContent/Props/SM_Stairs.uexp" 435
"E:/Unreal Projects/UnderSeaRepo/Content/StarterContent/Textures/T_Shelf_N.uasset" 436
"E:/Unreal Projects/UnderSeaRepo/Content/StarterContent/Textures/T_Shelf_N.ubulk" 437
"E:/Unreal Projects/UnderSeaRepo/Content/StarterContent/Textures/T_Shelf_N.uexp" 438
"E:/Unreal Projects/UnderSeaRepo/Content/StarterContent/Textures/T_Shelf_M.uasset" 439
"E:/Unreal Projects/UnderSeaRepo/Content/StarterContent/Textures/T_Shelf_M.ubulk" 440
"E:/Unreal Projects/UnderSeaRepo/Content/StarterContent/Textures/T_Shelf_M.uexp" 441
"E:/Unreal Projects/UnderSeaRepo/Content/StarterContent/Props/Materials/M_Shelf.uasset" 442
"E:/Unreal Projects/UnderSeaRepo/Content/StarterContent/Props/Materials/M_Shelf.uexp" 443
"E:/Unreal Projects/UnderSeaRepo/Content/StarterContent/Props/SM_Shelf.uasset" 444
"E:/Unreal Projects/UnderSeaRepo/Content/StarterContent/Props/SM_Shelf.ubulk" 445
"E:/Unreal Projects/UnderSeaRepo/Content/StarterContent/Props/SM_Shelf.uexp" 446
"../../../Engine/Content/Functions/Engine_MaterialFunctions02/Utility/BlendAngleCorrectedNormals.uasset" 447
"../../../Engine/Content/Functions/Engine_MaterialFunctions02/Utility/BlendAngleCorrectedNormals.uexp" 448
"E:/Unreal Projects/UnderSeaRepo/Content/StarterContent/Textures/T_Detail_Rocky_N.uasset" 449
"E:/Unreal Projects/UnderSeaRepo/Content/StarterContent/Textures/T_Detail_Rocky_N.ubulk" 450
"E:/Unreal Projects/UnderSeaRepo/Content/StarterContent/Textures/T_Detail_Rocky_N.uexp" 451
"E:/Unreal Projects/UnderSeaRepo/Content/StarterContent/Textures/T_Rock_Basalt_D.uasset" 452
"E:/Unreal Projects/UnderSeaRepo/Content/StarterContent/Textures/T_Rock_Basalt_D.ubulk" 453
"E:/Unreal Projects/UnderSeaRepo/Content/StarterContent/Textures/T_Rock_Basalt_D.uexp" 454
"E:/Unreal Projects/UnderSeaRepo/Content/StarterContent/Textures/T_RockMesh_N.uasset" 455
"E:/Unreal Projects/UnderSeaRepo/Content/StarterContent/Textures/T_RockMesh_N.ubulk" 456
"E:/Unreal Projects/UnderSeaRepo/Content/StarterContent/Textures/T_RockMesh_N.uexp" 457
"E:/Unreal Projects/UnderSeaRepo/Content/StarterContent/Textures/T_RockMesh_M.uasset" 458
"E:/Unreal Projects/UnderSeaRepo/Content/StarterContent/Textures/T_RockMesh_M.ubulk" 459
"E:/Unreal Projects/UnderSeaRepo/Content/StarterContent/Textures/T_RockMesh_M.uexp" 460
"E:/Unreal Projects/UnderSeaRepo/Content/StarterContent/Props/Materials/M_Rock.uasset" 461
"E:/Unreal Projects/UnderSeaRepo/Content/StarterContent/Props/Materials/M_Rock.uexp" 462
"E:/Unreal Projects/UnderSeaRepo/Content/StarterContent/Props/SM_Rock.uasset" 463
"E:/Unreal Projects/UnderSeaRepo/Content/StarterContent/Props/SM_Rock.ubulk" 464
"E:/Unreal Projects/UnderSeaRepo/Content/StarterContent/Props/SM_Rock.uexp" 465
"E:/Unreal Projects/UnderSeaRepo/Content/StarterContent/Textures/T_Chair_N.uasset" 466
"E:/Unreal Projects/UnderSeaRepo/Content/StarterContent/Textures/T_Chair_N.ubulk" 467
"E:/Unreal Projects/UnderSeaRepo/Content/StarterContent/Textures/T_Chair_N.uexp" 468
"E:/Unreal Projects/UnderSeaRepo/Content/StarterContent/Textures/T_Chair_M.uasset" 469
"E:/Unreal Projects/UnderSeaRepo/Content/StarterContent/Textures/T_Chair_M.ubulk" 470
"E:/Unreal Projects/UnderSeaRepo/Content/StarterContent/Textures/T_Chair_M.uexp" 471
"E:/Unreal Projects/UnderSeaRepo/Content/StarterContent/Props/Materials/M_Chair.uasset" 472
"E:/Unreal Projects/UnderSeaRepo/Content/StarterContent/Props/Materials/M_Chair.uexp" 473
"E:/Unreal Projects/UnderSeaRepo/Content/StarterContent/Props/SM_Couch.uasset" 474
"E:/Unreal Projects/UnderSeaRepo/Content/StarterContent/Props/SM_Couch.ubulk" 475
"E:/Unreal Projects/UnderSeaRepo/Content/StarterContent/Props/SM_Couch.uexp" 476
"E:/Unreal Projects/UnderSeaRepo/Content/StarterContent/Textures/T_Bush_N.uasset" 477
"E:/Unreal Projects/UnderSeaRepo/Content/StarterContent/Textures/T_Bush_N.ubulk" 478
"E:/Unreal Projects/UnderSeaRepo/Content/StarterContent/Textures/T_Bush_N.uexp" 479
"E:/Unreal Projects/UnderSeaRepo/Content/StarterContent/Textures/T_Bush_D.uasset" 480
"E:/Unreal Projects/UnderSeaRepo/Content/StarterContent/Textures/T_Bush_D.ubulk" 481
"E:/Unreal Projects/UnderSeaRepo/Content/StarterContent/Textures/T_Bush_D.uexp" 482
"E:/Unreal Projects/UnderSeaRepo/Content/StarterContent/Props/Materials/M_Bush.uasset" 483
"E:/Unreal Projects/UnderSeaRepo/Content/StarterContent/Props/Materials/M_Bush.uexp" 484
"E:/Unreal Projects/UnderSeaRepo/Content/StarterContent/Props/SM_Bush.uasset" 485
"E:/Unreal Projects/UnderSeaRepo/Content/StarterContent/Props/SM_Bush.ubulk" 486
"E:/Unreal Projects/UnderSeaRepo/Content/StarterContent/Props/SM_Bush.uexp" 487
"../../../Engine/Content/EditorMeshes/ColorCalibrator/T_ColorGrid.uasset" 488
"../../../Engine/Content/EditorMeshes/ColorCalibrator/T_ColorGrid.ubulk" 489
"../../../Engine/Content/EditorMeshes/ColorCalibrator/T_ColorGrid.uexp" 490
"E:/Unreal Projects/UnderSeaRepo/Content/StarterContent/Materials/M_ColorGrid_LowSpec.uasset" 491
"E:/Unreal Projects/UnderSeaRepo/Content/StarterContent/Materials/M_ColorGrid_LowSpec.uexp" 492
"E:/Unreal Projects/UnderSeaRepo/Content/StarterContent/Textures/T_Smoke_SubUV.uasset" 493
"E:/Unreal Projects/UnderSeaRepo/Content/StarterContent/Textures/T_Smoke_SubUV.ubulk" 494
"E:/Unreal Projects/UnderSeaRepo/Content/StarterContent/Textures/T_Smoke_SubUV.uexp" 495
"E:/Unreal Projects/UnderSeaRepo/Content/StarterContent/Textures/T_Smoke_Tiled_D.uasset" 496
"E:/Unreal Projects/UnderSeaRepo/Content/StarterContent/Textures/T_Smoke_Tiled_D.ubulk" 497
"E:/Unreal Projects/UnderSeaRepo/Content/StarterContent/Textures/T_Smoke_Tiled_D.uexp" 498
"E:/Unreal Projects/UnderSeaRepo/Content/StarterContent/Particles/Materials/M_smoke_subUV.uasset" 499
"E:/Unreal Projects/UnderSeaRepo/Content/StarterContent/Particles/Materials/M_smoke_subUV.uexp" 500
"E:/Unreal Projects/UnderSeaRepo/Content/StarterContent/Textures/T_Burst_M.uasset" 501
"E:/Unreal Projects/UnderSeaRepo/Content/StarterContent/Textures/T_Burst_M.ubulk" 502
"E:/Unreal Projects/UnderSeaRepo/Content/StarterContent/Textures/T_Burst_M.uexp" 503
"E:/Unreal Projects/UnderSeaRepo/Content/StarterContent/Particles/Materials/M_Burst.uasset" 504
"E:/Unreal Projects/UnderSeaRepo/Content/StarterContent/Particles/Materials/M_Burst.uexp" 505
"E:/Unreal Projects/UnderSeaRepo/Content/StarterContent/Particles/Materials/m_flare_01.uasset" 506
"E:/Unreal Projects/UnderSeaRepo/Content/StarterContent/Particles/Materials/m_flare_01.uexp" 507
"E:/Unreal Projects/UnderSeaRepo/Content/StarterContent/Textures/T_Explosion_SubUV.uasset" 508
"E:/Unreal Projects/UnderSeaRepo/Content/StarterContent/Textures/T_Explosion_SubUV.ubulk" 509
"E:/Unreal Projects/UnderSeaRepo/Content/StarterContent/Textures/T_Explosion_SubUV.uexp" 510
"E:/Unreal Projects/UnderSeaRepo/Content/StarterContent/Particles/Materials/M_explosion_subUV.uasset" 511
"E:/Unreal Projects/UnderSeaRepo/Content/StarterContent/Particles/Materials/M_explosion_subUV.uexp" 512
"../../../Engine/Content/Functions/Engine_MaterialFunctions01/Gradient/RadialGradient.uasset" 513
"../../../Engine/Content/Functions/Engine_MaterialFunctions01/Gradient/RadialGradient.uexp" 514
"E:/Unreal Projects/UnderSeaRepo/Content/StarterContent/Particles/Materials/M_radial_ramp.uasset" 515
"E:/Unreal Projects/UnderSeaRepo/Content/StarterContent/Particles/Materials/M_radial_ramp.uexp" 516
"E:/Unreal Projects/UnderSeaRepo/Content/StarterContent/Particles/P_Explosion.uasset" 517
"E:/Unreal Projects/UnderSeaRepo/Content/StarterContent/Particles/P_Explosion.uexp" 518
"E:/Unreal Projects/UnderSeaRepo/Content/StarterContent/Audio/Explosion_Cue.uasset" 519
"E:/Unreal Projects/UnderSeaRepo/Content/StarterContent/Audio/Explosion_Cue.uexp" 520
"E:/Unreal Projects/UnderSeaRepo/Content/StarterContent/Blueprints/Blueprint_Effect_Explosion.uasset" 521
"E:/Unreal Projects/UnderSeaRepo/Content/StarterContent/Blueprints/Blueprint_Effect_Explosion.uexp" 522
"E:/Unreal Projects/UnderSeaRepo/Content/StarterContent/Audio/Steam01.uasset" 523
"E:/Unreal Projects/UnderSeaRepo/Content/StarterContent/Audio/Steam01.ubulk" 524
"E:/Unreal Projects/UnderSeaRepo/Content/StarterContent/Audio/Steam01.uexp" 525
"E:/Unreal Projects/UnderSeaRepo/Content/StarterContent/Audio/Starter_Wind06.uasset" 526
"E:/Unreal Projects/UnderSeaRepo/Content/StarterContent/Audio/Starter_Wind06.ubulk" 527
"E:/Unreal Projects/UnderSeaRepo/Content/StarterContent/Audio/Starter_Wind06.uexp" 528
"E:/Unreal Projects/UnderSeaRepo/Content/StarterContent/Audio/Starter_Wind05.uasset" 529
"E:/Unreal Projects/UnderSeaRepo/Content/StarterContent/Audio/Starter_Wind05.ubulk" 530
"E:/Unreal Projects/UnderSeaRepo/Content/StarterContent/Audio/Starter_Wind05.uexp" 531
"E:/Unreal Projects/UnderSeaRepo/Content/StarterContent/Audio/Starter_Music01.uasset" 532
"E:/Unreal Projects/UnderSeaRepo/Content/StarterContent/Audio/Starter_Music01.ubulk" 533
"E:/Unreal Projects/UnderSeaRepo/Content/StarterContent/Audio/Starter_Music01.uexp" 534
"E:/Unreal Projects/UnderSeaRepo/Content/StarterContent/Audio/Starter_Birds01.uasset" 535
"E:/Unreal Projects/UnderSeaRepo/Content/StarterContent/Audio/Starter_Birds01.ubulk" 536
"E:/Unreal Projects/UnderSeaRepo/Content/StarterContent/Audio/Starter_Birds01.uexp" 537
"E:/Unreal Projects/UnderSeaRepo/Content/StarterContent/Audio/Smoke01.uasset" 538
"E:/Unreal Projects/UnderSeaRepo/Content/StarterContent/Audio/Smoke01.ubulk" 539
"E:/Unreal Projects/UnderSeaRepo/Content/StarterContent/Audio/Smoke01.uexp" 540
"E:/Unreal Projects/UnderSeaRepo/Content/StarterContent/Audio/Light02_Cue.uasset" 541
"E:/Unreal Projects/UnderSeaRepo/Content/StarterContent/Audio/Light02_Cue.uexp" 542
"E:/Unreal Projects/UnderSeaRepo/Content/StarterContent/Audio/Light02.uasset" 543
"E:/Unreal Projects/UnderSeaRepo/Content/StarterContent/Audio/Light02.ubulk" 544
"E:/Unreal Projects/UnderSeaRepo/Content/StarterContent/Audio/Light02.uexp" 545
"E:/Unreal Projects/UnderSeaRepo/Content/StarterContent/Audio/Light01_Cue.uasset" 546
"E:/Unreal Projects/UnderSeaRepo/Content/StarterContent/Audio/Light01_Cue.uexp" 547
"E:/Unreal Projects/UnderSeaRepo/Content/StarterContent/Audio/Light01.uasset" 548
"E:/Unreal Projects/UnderSeaRepo/Content/StarterContent/Audio/Light01.ubulk" 549
"E:/Unreal Projects/UnderSeaRepo/Content/StarterContent/Audio/Light01.uexp" 550
"E:/Unreal Projects/UnderSeaRepo/Content/StarterContent/Audio/Fire_Sparks01.uasset" 551
"E:/Unreal Projects/UnderSeaRepo/Content/StarterContent/Audio/Fire_Sparks01.ubulk" 552
"E:/Unreal Projects/UnderSeaRepo/Content/StarterContent/Audio/Fire_Sparks01.uexp" 553
"E:/Unreal Projects/UnderSeaRepo/Content/StarterContent/Audio/Fire01.uasset" 554
"E:/Unreal Projects/UnderSeaRepo/Content/StarterContent/Audio/Fire01.ubulk" 555
"E:/Unreal Projects/UnderSeaRepo/Content/StarterContent/Audio/Fire01.uexp" 556
"E:/Unreal Projects/UnderSeaRepo/Content/StarterContent/Audio/Explosion02.uasset" 557
"E:/Unreal Projects/UnderSeaRepo/Content/StarterContent/Audio/Explosion02.ubulk" 558
"E:/Unreal Projects/UnderSeaRepo/Content/StarterContent/Audio/Explosion02.uexp" 559
"E:/Unreal Projects/UnderSeaRepo/Content/StarterContent/Audio/Explosion01.uasset" 560
"E:/Unreal Projects/UnderSeaRepo/Content/StarterContent/Audio/Explosion01.ubulk" 561
"E:/Unreal Projects/UnderSeaRepo/Content/StarterContent/Audio/Explosion01.uexp" 562
"E:/Unreal Projects/UnderSeaRepo/Content/StarterContent/Audio/Collapse02.uasset" 563
"E:/Unreal Projects/UnderSeaRepo/Content/StarterContent/Audio/Collapse02.ubulk" 564
"E:/Unreal Projects/UnderSeaRepo/Content/StarterContent/Audio/Collapse02.uexp" 565
"E:/Unreal Projects/UnderSeaRepo/Content/StarterContent/Audio/Collapse01.uasset" 566
"E:/Unreal Projects/UnderSeaRepo/Content/StarterContent/Audio/Collapse01.ubulk" 567
"E:/Unreal Projects/UnderSeaRepo/Content/StarterContent/Audio/Collapse01.uexp" 568
"E:/Unreal Projects/UnderSeaRepo/Content/StarterContent/Architecture/Wall_Window_400x400.uasset" 569
"E:/Unreal Projects/UnderSeaRepo/Content/StarterContent/Architecture/Wall_Window_400x400.ubulk" 570
"E:/Unreal Projects/UnderSeaRepo/Content/StarterContent/Architecture/Wall_Window_400x400.uexp" 571
"E:/Unreal Projects/UnderSeaRepo/Content/StarterContent/Architecture/Wall_500x500.uasset" 572
"E:/Unreal Projects/UnderSeaRepo/Content/StarterContent/Architecture/Wall_500x500.ubulk" 573
"E:/Unreal Projects/UnderSeaRepo/Content/StarterContent/Architecture/Wall_500x500.uexp" 574
"E:/Unreal Projects/UnderSeaRepo/Content/StarterContent/Architecture/Wall_400x400.uasset" 575
"E:/Unreal Projects/UnderSeaRepo/Content/StarterContent/Architecture/Wall_400x400.ubulk" 576
"E:/Unreal Projects/UnderSeaRepo/Content/StarterContent/Architecture/Wall_400x400.uexp" 577
"E:/Unreal Projects/UnderSeaRepo/Content/StarterContent/Architecture/Wall_400x300.uasset" 578
"E:/Unreal Projects/UnderSeaRepo/Content/StarterContent/Architecture/Wall_400x300.ubulk" 579
"E:/Unreal Projects/UnderSeaRepo/Content/StarterContent/Architecture/Wall_400x300.uexp" 580
"E:/Unreal Projects/UnderSeaRepo/Content/StarterContent/Architecture/Pillar_50x500.uasset" 581
"E:/Unreal Projects/UnderSeaRepo/Content/StarterContent/Architecture/Pillar_50x500.ubulk" 582
"E:/Unreal Projects/UnderSeaRepo/Content/StarterContent/Architecture/Pillar_50x500.uexp" 583
"E:/Unreal Projects/UnderSeaRepo/Content/MC/Animations/Anim_MCTPose.uasset" 584
"E:/Unreal Projects/UnderSeaRepo/Content/MC/Animations/Anim_MCTPose.uexp" 585
"E:/Unreal Projects/UnderSeaRepo/Content/LevelPrototyping/Textures/T_GridChecker_A.uasset" 586
"E:/Unreal Projects/UnderSeaRepo/Content/LevelPrototyping/Textures/T_GridChecker_A.ubulk" 587
"E:/Unreal Projects/UnderSeaRepo/Content/LevelPrototyping/Textures/T_GridChecker_A.uexp" 588
"../../../Engine/Content/Functions/Engine_MaterialFunctions02/Utility/MakeFloat3.uasset" 589
"../../../Engine/Content/Functions/Engine_MaterialFunctions02/Utility/MakeFloat3.uexp" 590
"../../../Engine/Content/Functions/Engine_MaterialFunctions01/Gradient/LinearGradient.uasset" 591
"../../../Engine/Content/Functions/Engine_MaterialFunctions01/Gradient/LinearGradient.uexp" 592
"../../../Engine/Content/Functions/Engine_MaterialFunctions01/ImageAdjustment/CheapContrast.uasset" 593
"../../../Engine/Content/Functions/Engine_MaterialFunctions01/ImageAdjustment/CheapContrast.uexp" 594
"../../../Engine/Content/Functions/Engine_MaterialFunctions02/Utility/BreakOutFloat3Components.uasset" 595
"../../../Engine/Content/Functions/Engine_MaterialFunctions02/Utility/BreakOutFloat3Components.uexp" 596
"E:/Unreal Projects/UnderSeaRepo/Content/LevelPrototyping/Materials/MF_ProcGrid.uasset" 597
"E:/Unreal Projects/UnderSeaRepo/Content/LevelPrototyping/Materials/MF_ProcGrid.uexp" 598
"E:/Unreal Projects/UnderSeaRepo/Content/LevelPrototyping/Materials/M_PrototypeGrid.uasset" 599
"E:/Unreal Projects/UnderSeaRepo/Content/LevelPrototyping/Materials/M_PrototypeGrid.uexp" 600
"E:/Unreal Projects/UnderSeaRepo/Content/LevelPrototyping/Materials/MI_PrototypeGrid_Gray.uasset" 601
"E:/Unreal Projects/UnderSeaRepo/Content/LevelPrototyping/Materials/MI_PrototypeGrid_Gray.uexp" 602
"E:/Unreal Projects/UnderSeaRepo/Content/LevelPrototyping/Meshes/SM_Cylinder.uasset" 603
"E:/Unreal Projects/UnderSeaRepo/Content/LevelPrototyping/Meshes/SM_Cylinder.ubulk" 604
"E:/Unreal Projects/UnderSeaRepo/Content/LevelPrototyping/Meshes/SM_Cylinder.uexp" 605
"E:/Unreal Projects/UnderSeaRepo/Content/LevelPrototyping/Materials/MI_PrototypeGrid_Gray_02.uasset" 606
"E:/Unreal Projects/UnderSeaRepo/Content/LevelPrototyping/Materials/MI_PrototypeGrid_Gray_02.uexp" 607
"E:/Unreal Projects/UnderSeaRepo/Content/Mixamo/AnimationsOld/MovementOld/Anim_JogFR.uasset" 608
"E:/Unreal Projects/UnderSeaRepo/Content/Mixamo/AnimationsOld/MovementOld/Anim_JogFR.uexp" 609
"E:/Unreal Projects/UnderSeaRepo/Content/Mixamo/AnimationsOld/MovementOld/Anim_JogStrafeLeft.uasset" 610
"E:/Unreal Projects/UnderSeaRepo/Content/Mixamo/AnimationsOld/MovementOld/Anim_JogStrafeLeft.uexp" 611
"E:/Unreal Projects/UnderSeaRepo/Content/Mixamo/AnimationsOld/MovementOld/Anim_JogBackward.uasset" 612
"E:/Unreal Projects/UnderSeaRepo/Content/Mixamo/AnimationsOld/MovementOld/Anim_JogBackward.uexp" 613
"E:/Unreal Projects/UnderSeaRepo/Content/Mixamo/AnimationsOld/MovementOld/Anim_JogBL.uasset" 614
"E:/Unreal Projects/UnderSeaRepo/Content/Mixamo/AnimationsOld/MovementOld/Anim_JogBL.uexp" 615
"E:/Unreal Projects/UnderSeaRepo/Content/Mixamo/AnimationsOld/MovementOld/Anim_JogIdle.uasset" 616
"E:/Unreal Projects/UnderSeaRepo/Content/Mixamo/AnimationsOld/MovementOld/Anim_JogIdle.uexp" 617
"E:/Unreal Projects/UnderSeaRepo/Content/Mixamo/AnimationsOld/MovementOld/Anim_JogForward.uasset" 618
"E:/Unreal Projects/UnderSeaRepo/Content/Mixamo/AnimationsOld/MovementOld/Anim_JogForward.uexp" 619
"E:/Unreal Projects/UnderSeaRepo/Content/Mixamo/AnimationsOld/MovementOld/Anim_JogFL.uasset" 620
"E:/Unreal Projects/UnderSeaRepo/Content/Mixamo/AnimationsOld/MovementOld/Anim_JogFL.uexp" 621
"E:/Unreal Projects/UnderSeaRepo/Content/Mixamo/AnimationsOld/MovementOld/Anim_JogBR.uasset" 622
"E:/Unreal Projects/UnderSeaRepo/Content/Mixamo/AnimationsOld/MovementOld/Anim_JogBR.uexp" 623
"E:/Unreal Projects/UnderSeaRepo/Content/Mixamo/AnimationsOld/MovementOld/Anim_JogStrafeRight.uasset" 624
"E:/Unreal Projects/UnderSeaRepo/Content/Mixamo/AnimationsOld/MovementOld/Anim_JogStrafeRight.uexp" 625
"E:/Unreal Projects/UnderSeaRepo/Content/Mixamo/AnimationsOld/MovementOld/BS_FightMovement.uasset" 626
"E:/Unreal Projects/UnderSeaRepo/Content/Mixamo/AnimationsOld/MovementOld/BS_FightMovement.uexp" 627
"E:/Unreal Projects/UnderSeaRepo/Content/Blueprints/Player/AnimBP_MC.uasset" 628
"E:/Unreal Projects/UnderSeaRepo/Content/Blueprints/Player/AnimBP_MC.uexp" 629
"E:/Unreal Projects/UnderSeaRepo/Content/Blueprints/AI/BP_BossEnemy.uasset" 630
"E:/Unreal Projects/UnderSeaRepo/Content/Blueprints/AI/BP_BossEnemy.uexp" 631
"E:/Unreal Projects/UnderSeaRepo/Content/Blueprints/AI/BT_Bossfromtutorialref.uasset" 632
"E:/Unreal Projects/UnderSeaRepo/Content/Blueprints/AI/BT_Bossfromtutorialref.uexp" 633
"E:/Unreal Projects/UnderSeaRepo/Content/Blueprints/AI/BP_AIEnemyBoss.uasset" 634
"E:/Unreal Projects/UnderSeaRepo/Content/Blueprints/AI/BP_AIEnemyBoss.uexp" 635
"../../../Engine/Plugins/Interchange/Runtime/Content/Pipelines/DefaultTexturePipeline.uasset" 636
"../../../Engine/Plugins/Interchange/Runtime/Content/Pipelines/DefaultTexturePipeline.uexp" 637
"../../../Engine/Plugins/Interchange/Runtime/Content/Pipelines/DefaultSceneLevelPipeline.uasset" 638
"../../../Engine/Plugins/Interchange/Runtime/Content/Pipelines/DefaultSceneLevelPipeline.uexp" 639
"../../../Engine/Plugins/Interchange/Runtime/Content/Pipelines/DefaultSceneAssetsPipeline.uasset" 640
"../../../Engine/Plugins/Interchange/Runtime/Content/Pipelines/DefaultSceneAssetsPipeline.uexp" 641
"../../../Engine/Plugins/Interchange/Runtime/Content/Pipelines/DefaultMaterialXPipeline.uasset" 642
"../../../Engine/Plugins/Interchange/Runtime/Content/Pipelines/DefaultMaterialXPipeline.uexp" 643
"../../../Engine/Plugins/Interchange/Runtime/Content/Pipelines/DefaultMaterialPipeline.uasset" 644
"../../../Engine/Plugins/Interchange/Runtime/Content/Pipelines/DefaultMaterialPipeline.uexp" 645
"../../../Engine/Plugins/Interchange/Runtime/Content/Pipelines/DefaultGLTFSceneAssetsPipeline.uasset" 646
"../../../Engine/Plugins/Interchange/Runtime/Content/Pipelines/DefaultGLTFSceneAssetsPipeline.uexp" 647
"../../../Engine/Plugins/Interchange/Runtime/Content/Pipelines/DefaultGLTFPipeline.uasset" 648
"../../../Engine/Plugins/Interchange/Runtime/Content/Pipelines/DefaultGLTFPipeline.uexp" 649
"../../../Engine/Plugins/Interchange/Runtime/Content/Pipelines/DefaultGLTFAssetsPipeline.uasset" 650
"../../../Engine/Plugins/Interchange/Runtime/Content/Pipelines/DefaultGLTFAssetsPipeline.uexp" 651
"../../../Engine/Plugins/Interchange/Runtime/Content/Pipelines/DefaultAssetsPipeline.uasset" 652
"../../../Engine/Plugins/Interchange/Runtime/Content/Pipelines/DefaultAssetsPipeline.uexp" 653
"../../../Engine/Plugins/Interchange/Runtime/Content/gltf/MaterialFunctions/MF_RotateV2.uasset" 654
"../../../Engine/Plugins/Interchange/Runtime/Content/gltf/MaterialFunctions/MF_RotateV2.uexp" 655
"../../../Engine/Plugins/Interchange/Runtime/Content/gltf/MaterialFunctions/MF_TransformUVs.uasset" 656
"../../../Engine/Plugins/Interchange/Runtime/Content/gltf/MaterialFunctions/MF_TransformUVs.uexp" 657
"../../../Engine/Plugins/Interchange/Runtime/Content/gltf/Textures/T_White_srgb.uasset" 658
"../../../Engine/Plugins/Interchange/Runtime/Content/gltf/Textures/T_White_srgb.uexp" 659
"../../../Engine/Plugins/Interchange/Runtime/Content/gltf/MaterialFunctions/MF_BaseColor.uasset" 660
"../../../Engine/Plugins/Interchange/Runtime/Content/gltf/MaterialFunctions/MF_BaseColor.uexp" 661
"../../../Engine/Plugins/Interchange/Runtime/Content/gltf/MaterialBodies/MF_Unlit_Body.uasset" 662
"../../../Engine/Plugins/Interchange/Runtime/Content/gltf/MaterialBodies/MF_Unlit_Body.uexp" 663
"../../../Engine/Plugins/Interchange/Runtime/Content/gltf/M_Unlit.uasset" 664
"../../../Engine/Plugins/Interchange/Runtime/Content/gltf/M_Unlit.uexp" 665
"../../../Engine/Plugins/Interchange/Runtime/Content/gltf/MaterialInstances/MI_Unlit_Opaque_DS.uasset" 666
"../../../Engine/Plugins/Interchange/Runtime/Content/gltf/MaterialInstances/MI_Unlit_Opaque_DS.uexp" 667
"../../../Engine/Plugins/Interchange/Runtime/Content/gltf/MaterialInstances/MI_Unlit_Opaque.uasset" 668
"../../../Engine/Plugins/Interchange/Runtime/Content/gltf/MaterialInstances/MI_Unlit_Opaque.uexp" 669
"../../../Engine/Plugins/Interchange/Runtime/Content/gltf/MaterialInstances/MI_Unlit_Mask_DS.uasset" 670
"../../../Engine/Plugins/Interchange/Runtime/Content/gltf/MaterialInstances/MI_Unlit_Mask_DS.uexp" 671
"../../../Engine/Plugins/Interchange/Runtime/Content/gltf/MaterialInstances/MI_Unlit_Mask.uasset" 672
"../../../Engine/Plugins/Interchange/Runtime/Content/gltf/MaterialInstances/MI_Unlit_Mask.uexp" 673
"../../../Engine/Plugins/Interchange/Runtime/Content/gltf/MaterialInstances/MI_Unlit_Blend_DS.uasset" 674
"../../../Engine/Plugins/Interchange/Runtime/Content/gltf/MaterialInstances/MI_Unlit_Blend_DS.uexp" 675
"../../../Engine/Plugins/Interchange/Runtime/Content/gltf/MaterialInstances/MI_Unlit_Blend.uasset" 676
"../../../Engine/Plugins/Interchange/Runtime/Content/gltf/MaterialInstances/MI_Unlit_Blend.uexp" 677
"../../../Engine/Content/Functions/Engine_MaterialFunctions02/Math/Transform3x3Matrix.uasset" 678
"../../../Engine/Content/Functions/Engine_MaterialFunctions02/Math/Transform3x3Matrix.uexp" 679
"../../../Engine/Content/Functions/Engine_MaterialFunctions02/Utility/CameraDirectionVector.uasset" 680
"../../../Engine/Content/Functions/Engine_MaterialFunctions02/Utility/CameraDirectionVector.uexp" 681
"../../../Engine/Plugins/Interchange/Runtime/Content/Utilities/New_LUT.uasset" 682
"../../../Engine/Plugins/Interchange/Runtime/Content/Utilities/New_LUT.uexp" 683
"../../../Engine/Content/Functions/Engine_MaterialFunctions03/Math/RemapValueRange.uasset" 684
"../../../Engine/Content/Functions/Engine_MaterialFunctions03/Math/RemapValueRange.uexp" 685
"../../../Engine/Plugins/Interchange/Runtime/Content/Functions/MF_Iridescence.uasset" 686
"../../../Engine/Plugins/Interchange/Runtime/Content/Functions/MF_Iridescence.uexp" 687
"../../../Engine/Plugins/Interchange/Runtime/Content/gltf/MaterialFunctions/MF_Iridescence.uasset" 688
"../../../Engine/Plugins/Interchange/Runtime/Content/gltf/MaterialFunctions/MF_Iridescence.uexp" 689
"../../../Engine/Plugins/Interchange/Runtime/Content/gltf/Textures/T_White_Linear.uasset" 690
"../../../Engine/Plugins/Interchange/Runtime/Content/gltf/Textures/T_White_Linear.uexp" 691
"../../../Engine/Plugins/Interchange/Runtime/Content/gltf/MaterialFunctions/MF_MetallicRoughness.uasset" 692
"../../../Engine/Plugins/Interchange/Runtime/Content/gltf/MaterialFunctions/MF_MetallicRoughness.uexp" 693
"../../../Engine/Plugins/Interchange/Runtime/Content/gltf/MaterialFunctions/MF_Transmission.uasset" 694
"../../../Engine/Plugins/Interchange/Runtime/Content/gltf/MaterialFunctions/MF_Transmission.uexp" 695
"../../../Engine/Plugins/Interchange/Runtime/Content/gltf/MaterialFunctions/MF_Occlusion.uasset" 696
"../../../Engine/Plugins/Interchange/Runtime/Content/gltf/MaterialFunctions/MF_Occlusion.uexp" 697
"../../../Engine/Content/EngineMaterials/Good64x64TilingNoiseHighFreq.uasset" 698
"../../../Engine/Content/EngineMaterials/Good64x64TilingNoiseHighFreq.uexp" 699
"../../../Engine/Content/Functions/Engine_MaterialFunctions02/Texturing/ScreenAlignedPixelToPixelUVs.uasset" 700
"../../../Engine/Content/Functions/Engine_MaterialFunctions02/Texturing/ScreenAlignedPixelToPixelUVs.uexp" 701
"../../../Engine/Plugins/Interchange/Runtime/Content/gltf/MaterialFunctions/MF_Temporal_Blur.uasset" 702
"../../../Engine/Plugins/Interchange/Runtime/Content/gltf/MaterialFunctions/MF_Temporal_Blur.uexp" 703
"../../../Engine/Plugins/Interchange/Runtime/Content/gltf/MaterialFunctions/MF_Specular.uasset" 704
"../../../Engine/Plugins/Interchange/Runtime/Content/gltf/MaterialFunctions/MF_Specular.uexp" 705
"../../../Engine/Plugins/Interchange/Runtime/Content/gltf/MaterialFunctions/MF_IOR.uasset" 706
"../../../Engine/Plugins/Interchange/Runtime/Content/gltf/MaterialFunctions/MF_IOR.uexp" 707
"../../../Engine/Plugins/Interchange/Runtime/Content/gltf/MaterialFunctions/MF_Fresnel_DS.uasset" 708
"../../../Engine/Plugins/Interchange/Runtime/Content/gltf/MaterialFunctions/MF_Fresnel_DS.uexp" 709
"../../../Engine/Plugins/Interchange/Runtime/Content/gltf/MaterialFunctions/MF_RotateNormals_TS.uasset" 710
"../../../Engine/Plugins/Interchange/Runtime/Content/gltf/MaterialFunctions/MF_RotateNormals_TS.uexp" 711
"../../../Engine/Plugins/Interchange/Runtime/Content/gltf/Textures/T_Generic_N.uasset" 712
"../../../Engine/Plugins/Interchange/Runtime/Content/gltf/Textures/T_Generic_N.uexp" 713
"../../../Engine/Plugins/Interchange/Runtime/Content/gltf/MaterialFunctions/MF_Normals.uasset" 714
"../../../Engine/Plugins/Interchange/Runtime/Content/gltf/MaterialFunctions/MF_Normals.uexp" 715
"../../../Engine/Plugins/Interchange/Runtime/Content/gltf/MaterialBodies/MF_Transmission_Body.uasset" 716
"../../../Engine/Plugins/Interchange/Runtime/Content/gltf/MaterialBodies/MF_Transmission_Body.uexp" 717
"../../../Engine/Plugins/Interchange/Runtime/Content/gltf/M_Transmission.uasset" 718
"../../../Engine/Plugins/Interchange/Runtime/Content/gltf/M_Transmission.uexp" 719
"../../../Engine/Plugins/Interchange/Runtime/Content/gltf/MaterialInstances/MI_Transmission_DS.uasset" 720
"../../../Engine/Plugins/Interchange/Runtime/Content/gltf/MaterialInstances/MI_Transmission_DS.uexp" 721
"../../../Engine/Plugins/Interchange/Runtime/Content/gltf/MaterialInstances/MI_Transmission.uasset" 722
"../../../Engine/Plugins/Interchange/Runtime/Content/gltf/MaterialInstances/MI_Transmission.uexp" 723
"../../../Engine/Plugins/Interchange/Runtime/Content/gltf/MaterialFunctions/MF_DiffuseSpecGloss.uasset" 724
"../../../Engine/Plugins/Interchange/Runtime/Content/gltf/MaterialFunctions/MF_DiffuseSpecGloss.uexp" 725
"../../../Engine/Content/Functions/Engine_MaterialFunctions02/Math/AddComponents.uasset" 726
"../../../Engine/Content/Functions/Engine_MaterialFunctions02/Math/AddComponents.uexp" 727
"../../../Engine/Plugins/Interchange/Runtime/Content/gltf/MaterialFunctions/MF_PerceivedBrightness.uasset" 728
"../../../Engine/Plugins/Interchange/Runtime/Content/gltf/MaterialFunctions/MF_PerceivedBrightness.uexp" 729
"../../../Engine/Plugins/Interchange/Runtime/Content/gltf/MaterialFunctions/MF_Emissive.uasset" 730
"../../../Engine/Plugins/Interchange/Runtime/Content/gltf/MaterialFunctions/MF_Emissive.uexp" 731
"../../../Engine/Plugins/Interchange/Runtime/Content/gltf/MaterialFunctions/MF_SpecGlossToMetalRoughness.uasset" 732
"../../../Engine/Plugins/Interchange/Runtime/Content/gltf/MaterialFunctions/MF_SpecGlossToMetalRoughness.uexp" 733
"../../../Engine/Plugins/Interchange/Runtime/Content/gltf/MaterialBodies/MF_SpecularGlossiness_Body.uasset" 734
"../../../Engine/Plugins/Interchange/Runtime/Content/gltf/MaterialBodies/MF_SpecularGlossiness_Body.uexp" 735
"../../../Engine/Plugins/Interchange/Runtime/Content/gltf/M_SpecularGlossiness.uasset" 736
"../../../Engine/Plugins/Interchange/Runtime/Content/gltf/M_SpecularGlossiness.uexp" 737
"../../../Engine/Plugins/Interchange/Runtime/Content/gltf/MaterialInstances/MI_SpecularGlossiness_Opaque_DS.uasset" 738
"../../../Engine/Plugins/Interchange/Runtime/Content/gltf/MaterialInstances/MI_SpecularGlossiness_Opaque_DS.uexp" 739
"../../../Engine/Plugins/Interchange/Runtime/Content/gltf/MaterialInstances/MI_SpecularGlossiness_Opaque.uasset" 740
"../../../Engine/Plugins/Interchange/Runtime/Content/gltf/MaterialInstances/MI_SpecularGlossiness_Opaque.uexp" 741
"../../../Engine/Plugins/Interchange/Runtime/Content/gltf/MaterialInstances/MI_SpecularGlossiness_Mask_DS.uasset" 742
"../../../Engine/Plugins/Interchange/Runtime/Content/gltf/MaterialInstances/MI_SpecularGlossiness_Mask_DS.uexp" 743
"../../../Engine/Plugins/Interchange/Runtime/Content/gltf/MaterialInstances/MI_SpecularGlossiness_Mask.uasset" 744
"../../../Engine/Plugins/Interchange/Runtime/Content/gltf/MaterialInstances/MI_SpecularGlossiness_Mask.uexp" 745
"../../../Engine/Plugins/Interchange/Runtime/Content/gltf/MaterialInstances/MI_SpecularGlossiness_Blend_DS.uasset" 746
"../../../Engine/Plugins/Interchange/Runtime/Content/gltf/MaterialInstances/MI_SpecularGlossiness_Blend_DS.uexp" 747
"../../../Engine/Plugins/Interchange/Runtime/Content/gltf/MaterialInstances/MI_SpecularGlossiness_Blend.uasset" 748
"../../../Engine/Plugins/Interchange/Runtime/Content/gltf/MaterialInstances/MI_SpecularGlossiness_Blend.uexp" 749
"../../../Engine/Plugins/Interchange/Runtime/Content/gltf/MaterialFunctions/MF_Sheen.uasset" 750
"../../../Engine/Plugins/Interchange/Runtime/Content/gltf/MaterialFunctions/MF_Sheen.uexp" 751
"../../../Engine/Plugins/Interchange/Runtime/Content/gltf/MaterialBodies/MF_Sheen_Body.uasset" 752
"../../../Engine/Plugins/Interchange/Runtime/Content/gltf/MaterialBodies/MF_Sheen_Body.uexp" 753
"../../../Engine/Plugins/Interchange/Runtime/Content/gltf/M_Sheen.uasset" 754
"../../../Engine/Plugins/Interchange/Runtime/Content/gltf/M_Sheen.uexp" 755
"../../../Engine/Plugins/Interchange/Runtime/Content/gltf/MaterialInstances/MI_Sheen_Opaque_DS.uasset" 756
"../../../Engine/Plugins/Interchange/Runtime/Content/gltf/MaterialInstances/MI_Sheen_Opaque_DS.uexp" 757
"../../../Engine/Plugins/Interchange/Runtime/Content/gltf/MaterialInstances/MI_Sheen_Opaque.uasset" 758
"../../../Engine/Plugins/Interchange/Runtime/Content/gltf/MaterialInstances/MI_Sheen_Opaque.uexp" 759
"../../../Engine/Plugins/Interchange/Runtime/Content/gltf/MaterialInstances/MI_Sheen_Mask_DS.uasset" 760
"../../../Engine/Plugins/Interchange/Runtime/Content/gltf/MaterialInstances/MI_Sheen_Mask_DS.uexp" 761
"../../../Engine/Plugins/Interchange/Runtime/Content/gltf/MaterialInstances/MI_Sheen_Mask.uasset" 762
"../../../Engine/Plugins/Interchange/Runtime/Content/gltf/MaterialInstances/MI_Sheen_Mask.uexp" 763
"../../../Engine/Plugins/Interchange/Runtime/Content/gltf/MaterialInstances/MI_Sheen_Blend_DS.uasset" 764
"../../../Engine/Plugins/Interchange/Runtime/Content/gltf/MaterialInstances/MI_Sheen_Blend_DS.uexp" 765
"../../../Engine/Plugins/Interchange/Runtime/Content/gltf/MaterialInstances/MI_Sheen_Blend.uasset" 766
"../../../Engine/Plugins/Interchange/Runtime/Content/gltf/MaterialInstances/MI_Sheen_Blend.uexp" 767
"../../../Engine/Plugins/Interchange/Runtime/Content/gltf/MaterialBodies/MF_Default_Body.uasset" 768
"../../../Engine/Plugins/Interchange/Runtime/Content/gltf/MaterialBodies/MF_Default_Body.uexp" 769
"../../../Engine/Plugins/Interchange/Runtime/Content/gltf/M_Default.uasset" 770
"../../../Engine/Plugins/Interchange/Runtime/Content/gltf/M_Default.uexp" 771
"../../../Engine/Plugins/Interchange/Runtime/Content/gltf/MaterialInstances/MI_Default_Opaque_DS.uasset" 772
"../../../Engine/Plugins/Interchange/Runtime/Content/gltf/MaterialInstances/MI_Default_Opaque_DS.uexp" 773
"../../../Engine/Plugins/Interchange/Runtime/Content/gltf/MaterialInstances/MI_Default_Opaque.uasset" 774
"../../../Engine/Plugins/Interchange/Runtime/Content/gltf/MaterialInstances/MI_Default_Opaque.uexp" 775
"../../../Engine/Plugins/Interchange/Runtime/Content/gltf/MaterialInstances/MI_Default_Mask_DS.uasset" 776
"../../../Engine/Plugins/Interchange/Runtime/Content/gltf/MaterialInstances/MI_Default_Mask_DS.uexp" 777
"../../../Engine/Plugins/Interchange/Runtime/Content/gltf/MaterialInstances/MI_Default_Mask.uasset" 778
"../../../Engine/Plugins/Interchange/Runtime/Content/gltf/MaterialInstances/MI_Default_Mask.uexp" 779
"../../../Engine/Plugins/Interchange/Runtime/Content/gltf/MaterialInstances/MI_Default_Blend_DS.uasset" 780
"../../../Engine/Plugins/Interchange/Runtime/Content/gltf/MaterialInstances/MI_Default_Blend_DS.uexp" 781
"../../../Engine/Plugins/Interchange/Runtime/Content/gltf/MaterialInstances/MI_Default_Blend.uasset" 782
"../../../Engine/Plugins/Interchange/Runtime/Content/gltf/MaterialInstances/MI_Default_Blend.uexp" 783
"../../../Engine/Content/Functions/Engine_MaterialFunctions01/Texturing/FlattenNormal.uasset" 784
"../../../Engine/Content/Functions/Engine_MaterialFunctions01/Texturing/FlattenNormal.uexp" 785
"../../../Engine/Plugins/Interchange/Runtime/Content/gltf/MaterialFunctions/MF_Clearcoat.uasset" 786
"../../../Engine/Plugins/Interchange/Runtime/Content/gltf/MaterialFunctions/MF_Clearcoat.uexp" 787
"../../../Engine/Plugins/Interchange/Runtime/Content/gltf/MaterialBodies/MF_ClearCoat_Body.uasset" 788
"../../../Engine/Plugins/Interchange/Runtime/Content/gltf/MaterialBodies/MF_ClearCoat_Body.uexp" 789
"../../../Engine/Plugins/Interchange/Runtime/Content/gltf/M_ClearCoat.uasset" 790
"../../../Engine/Plugins/Interchange/Runtime/Content/gltf/M_ClearCoat.uexp" 791
"../../../Engine/Plugins/Interchange/Runtime/Content/gltf/MaterialInstances/MI_ClearCoat_Opaque_DS.uasset" 792
"../../../Engine/Plugins/Interchange/Runtime/Content/gltf/MaterialInstances/MI_ClearCoat_Opaque_DS.uexp" 793
"../../../Engine/Plugins/Interchange/Runtime/Content/gltf/MaterialInstances/MI_ClearCoat_Opaque.uasset" 794
"../../../Engine/Plugins/Interchange/Runtime/Content/gltf/MaterialInstances/MI_ClearCoat_Opaque.uexp" 795
"../../../Engine/Plugins/Interchange/Runtime/Content/gltf/MaterialInstances/MI_ClearCoat_Mask_DS.uasset" 796
"../../../Engine/Plugins/Interchange/Runtime/Content/gltf/MaterialInstances/MI_ClearCoat_Mask_DS.uexp" 797
"../../../Engine/Plugins/Interchange/Runtime/Content/gltf/MaterialInstances/MI_ClearCoat_Mask.uasset" 798
"../../../Engine/Plugins/Interchange/Runtime/Content/gltf/MaterialInstances/MI_ClearCoat_Mask.uexp" 799
"../../../Engine/Plugins/Interchange/Runtime/Content/gltf/MaterialInstances/MI_ClearCoat_Blend_DS.uasset" 800
"../../../Engine/Plugins/Interchange/Runtime/Content/gltf/MaterialInstances/MI_ClearCoat_Blend_DS.uexp" 801
"../../../Engine/Plugins/Interchange/Runtime/Content/gltf/MaterialInstances/MI_ClearCoat_Blend.uasset" 802
"../../../Engine/Plugins/Interchange/Runtime/Content/gltf/MaterialInstances/MI_ClearCoat_Blend.uexp" 803
"../../../Engine/Plugins/Interchange/Runtime/Content/Functions/MX_UsdPreviewSurface.uasset" 804
"../../../Engine/Plugins/Interchange/Runtime/Content/Functions/MX_UsdPreviewSurface.uexp" 805
"../../../Engine/Plugins/Interchange/Runtime/Content/Functions/MX_UniformEDF.uasset" 806
"../../../Engine/Plugins/Interchange/Runtime/Content/Functions/MX_UniformEDF.uexp" 807
"../../../Engine/Plugins/Interchange/Runtime/Content/Functions/MX_TranslucentBSDF.uasset" 808
"../../../Engine/Plugins/Interchange/Runtime/Content/Functions/MX_TranslucentBSDF.uexp" 809
"../../../Engine/Plugins/Interchange/Runtime/Content/Functions/MX_ThinFilmBSDF.uasset" 810
"../../../Engine/Plugins/Interchange/Runtime/Content/Functions/MX_ThinFilmBSDF.uexp" 811
"../../../Engine/Plugins/Interchange/Runtime/Content/Functions/MX_SurfaceUnlit.uasset" 812
"../../../Engine/Plugins/Interchange/Runtime/Content/Functions/MX_SurfaceUnlit.uexp" 813
"../../../Engine/Plugins/Interchange/Runtime/Content/Functions/MX_Surface.uasset" 814
"../../../Engine/Plugins/Interchange/Runtime/Content/Functions/MX_Surface.uexp" 815
"../../../Engine/Plugins/Interchange/Runtime/Content/Functions/MX_SubsurfaceBSDF.uasset" 816
"../../../Engine/Plugins/Interchange/Runtime/Content/Functions/MX_SubsurfaceBSDF.uexp" 817
"../../../Engine/Plugins/Interchange/Runtime/Content/Functions/MX_SheenBSDF.uasset" 818
"../../../Engine/Plugins/Interchange/Runtime/Content/Functions/MX_SheenBSDF.uexp" 819
"../../../Engine/Plugins/Interchange/Runtime/Content/Functions/MX_OrenNayarBSDF.uasset" 820
"../../../Engine/Plugins/Interchange/Runtime/Content/Functions/MX_OrenNayarBSDF.uexp" 821
"../../../Engine/Content/Functions/Engine_MaterialFunctions01/Volumetrics/BeersLaw.uasset" 822
"../../../Engine/Content/Functions/Engine_MaterialFunctions01/Volumetrics/BeersLaw.uexp" 823
"../../../Engine/Plugins/Interchange/Runtime/Content/Functions/MX_Transmission.uasset" 824
"../../../Engine/Plugins/Interchange/Runtime/Content/Functions/MX_Transmission.uexp" 825
"../../../Engine/Plugins/Interchange/Runtime/Content/Functions/MF_OrenNayerView.uasset" 826
"../../../Engine/Plugins/Interchange/Runtime/Content/Functions/MF_OrenNayerView.uexp" 827
"../../../Engine/Plugins/Interchange/Runtime/Content/Functions/MF_SchlickApprox.uasset" 828
"../../../Engine/Plugins/Interchange/Runtime/Content/Functions/MF_SchlickApprox.uexp" 829
"../../../Engine/Plugins/Interchange/Runtime/Content/Functions/MX_StandardSurface.uasset" 830
"../../../Engine/Plugins/Interchange/Runtime/Content/Functions/MX_StandardSurface.uexp" 831
"../../../Engine/Plugins/Interchange/Runtime/Content/Functions/MX_TransmissionSurface.uasset" 832
"../../../Engine/Plugins/Interchange/Runtime/Content/Functions/MX_TransmissionSurface.uexp" 833
"../../../Engine/Plugins/Interchange/Runtime/Content/Functions/MX_OpenPBR_Translucent.uasset" 834
"../../../Engine/Plugins/Interchange/Runtime/Content/Functions/MX_OpenPBR_Translucent.uexp" 835
"../../../Engine/Plugins/Interchange/Runtime/Content/Functions/MX_OpenPBR_Opaque.uasset" 836
"../../../Engine/Plugins/Interchange/Runtime/Content/Functions/MX_OpenPBR_Opaque.uexp" 837
"../../../Engine/Plugins/Interchange/Runtime/Content/Functions/MX_MeasuredEDF.uasset" 838
"../../../Engine/Plugins/Interchange/Runtime/Content/Functions/MX_MeasuredEDF.uexp" 839
"../../../Engine/Plugins/Interchange/Runtime/Content/Functions/MX_GeneralizedSchlickBSDF.uasset" 840
"../../../Engine/Plugins/Interchange/Runtime/Content/Functions/MX_GeneralizedSchlickBSDF.uexp" 841
"../../../Engine/Plugins/Interchange/Runtime/Content/Functions/MX_DielectricBSDF.uasset" 842
"../../../Engine/Plugins/Interchange/Runtime/Content/Functions/MX_DielectricBSDF.uexp" 843
"../../../Engine/Plugins/Interchange/Runtime/Content/Functions/MX_ConicalEDF.uasset" 844
"../../../Engine/Plugins/Interchange/Runtime/Content/Functions/MX_ConicalEDF.uexp" 845
"../../../Engine/Plugins/Interchange/Runtime/Content/Functions/MX_ConductorBSDF.uasset" 846
"../../../Engine/Plugins/Interchange/Runtime/Content/Functions/MX_ConductorBSDF.uexp" 847
"../../../Engine/Plugins/Interchange/Runtime/Content/Functions/MX_BurleyDiffuseBSDF.uasset" 848
"../../../Engine/Plugins/Interchange/Runtime/Content/Functions/MX_BurleyDiffuseBSDF.uexp" 849
"../../../Engine/Plugins/Interchange/Runtime/Content/Functions/MX_AnisotropicVDF.uasset" 850
"../../../Engine/Plugins/Interchange/Runtime/Content/Functions/MX_AnisotropicVDF.uexp" 851
"../../../Engine/Plugins/Interchange/Runtime/Content/Functions/MX_AbsorptionVDF.uasset" 852
"../../../Engine/Plugins/Interchange/Runtime/Content/Functions/MX_AbsorptionVDF.uexp" 853
"../../../Engine/Plugins/Experimental/Water/Content/Waves/GerstnerWaves_Lake.uasset" 854
"../../../Engine/Plugins/Experimental/Water/Content/Waves/GerstnerWaves_Lake.uexp" 855
"../../../Engine/Plugins/Experimental/Water/Content/Materials/WaterInfo/DrawWaterInfo.uasset" 856
"../../../Engine/Plugins/Experimental/Water/Content/Materials/WaterInfo/DrawWaterInfo.uexp" 857
"../../../Engine/Plugins/Experimental/Water/Content/Icons/WaterSprite.uasset" 858
"../../../Engine/Plugins/Experimental/Water/Content/Icons/WaterSprite.uexp" 859
"../../../Engine/Plugins/Experimental/Water/Content/Icons/WaterLandscapeBrushSprite.uasset" 860
"../../../Engine/Plugins/Experimental/Water/Content/Icons/WaterLandscapeBrushSprite.ubulk" 861
"../../../Engine/Plugins/Experimental/Water/Content/Icons/WaterLandscapeBrushSprite.uexp" 862
"../../../Engine/Plugins/Experimental/Water/Content/Icons/WaterErrorSprite.uasset" 863
"../../../Engine/Plugins/Experimental/Water/Content/Icons/WaterErrorSprite.ubulk" 864
"../../../Engine/Plugins/Experimental/Water/Content/Icons/WaterErrorSprite.uexp" 865
"../../../Engine/Plugins/Experimental/Water/Content/Curves/FloatCurve_WaterBodyIsland.uasset" 866
"../../../Engine/Plugins/Experimental/Water/Content/Curves/FloatCurve_WaterBodyIsland.uexp" 867
"../../../Engine/Plugins/Editor/SpeedTreeImporter/Content/SpeedTree9/game_wind_noise.uasset" 868
"../../../Engine/Plugins/Editor/SpeedTreeImporter/Content/SpeedTree9/game_wind_noise.ubulk" 869
"../../../Engine/Plugins/Editor/SpeedTreeImporter/Content/SpeedTree9/game_wind_noise.uexp" 870
"../../../Engine/Plugins/Editor/SpeedTreeImporter/Content/SpeedTree9/UnpackDirection.uasset" 871
"../../../Engine/Plugins/Editor/SpeedTreeImporter/Content/SpeedTree9/UnpackDirection.uexp" 872
"../../../Engine/Content/Functions/Engine_MaterialFunctions02/ObjectLocalBounds.uasset" 873
"../../../Engine/Content/Functions/Engine_MaterialFunctions02/ObjectLocalBounds.uexp" 874
"../../../Engine/Content/Functions/Engine_MaterialFunctions02/UVs/BoundingBoxBased_0-1_UVW.uasset" 875
"../../../Engine/Content/Functions/Engine_MaterialFunctions02/UVs/BoundingBoxBased_0-1_UVW.uexp" 876
"../../../Engine/Content/Functions/Engine_MaterialFunctions02/Utility/VectorLength.uasset" 877
"../../../Engine/Content/Functions/Engine_MaterialFunctions02/Utility/VectorLength.uexp" 878
"../../../Engine/Plugins/Editor/SpeedTreeImporter/Content/SpeedTree9/UnpackInteger3.uasset" 879
"../../../Engine/Plugins/Editor/SpeedTreeImporter/Content/SpeedTree9/UnpackInteger3.uexp" 880
"../../../Engine/Plugins/Editor/SpeedTreeImporter/Content/SpeedTree9/SpeedTreeCameraFacing.uasset" 881
"../../../Engine/Plugins/Editor/SpeedTreeImporter/Content/SpeedTree9/SpeedTreeCameraFacing.uexp" 882
"../../../Engine/Content/Functions/Engine_MaterialFunctions02/WorldPositionOffset/ObjectScale.uasset" 883
"../../../Engine/Content/Functions/Engine_MaterialFunctions02/WorldPositionOffset/ObjectScale.uexp" 884
"../../../Engine/Content/Functions/Engine_MaterialFunctions02/SafeNormalize.uasset" 885
"../../../Engine/Content/Functions/Engine_MaterialFunctions02/SafeNormalize.uexp" 886
"../../../Engine/Plugins/Editor/SpeedTreeImporter/Content/SpeedTree9/SpeedTreeWindMotion.uasset" 887
"../../../Engine/Plugins/Editor/SpeedTreeImporter/Content/SpeedTree9/SpeedTreeWindMotion.uexp" 888
"../../../Engine/Plugins/Editor/SpeedTreeImporter/Content/SpeedTree9/SpeedTreeBranchMotion.uasset" 889
"../../../Engine/Plugins/Editor/SpeedTreeImporter/Content/SpeedTree9/SpeedTreeBranchMotion.uexp" 890
"../../../Engine/Plugins/Editor/SpeedTreeImporter/Content/SpeedTree9/SpeedTreeWind.uasset" 891
"../../../Engine/Plugins/Editor/SpeedTreeImporter/Content/SpeedTree9/SpeedTreeWind.uexp" 892
"../../../Engine/Plugins/Editor/SpeedTreeImporter/Content/SpeedTree9/EmptyNormal.uasset" 893
"../../../Engine/Plugins/Editor/SpeedTreeImporter/Content/SpeedTree9/EmptyNormal.uexp" 894
"../../../Engine/Plugins/Editor/SpeedTreeImporter/Content/SpeedTree9/Empty.uasset" 895
"../../../Engine/Plugins/Editor/SpeedTreeImporter/Content/SpeedTree9/Empty.uexp" 896
"../../../Engine/Plugins/Editor/SpeedTreeImporter/Content/SpeedTree9/SpeedTreeMaster.uasset" 897
"../../../Engine/Plugins/Editor/SpeedTreeImporter/Content/SpeedTree9/SpeedTreeMaster.uexp" 898
"../../../Engine/Plugins/Editor/SpeedTreeImporter/Content/SpeedTree9/SpeedTreeBillboard.uasset" 899
"../../../Engine/Plugins/Editor/SpeedTreeImporter/Content/SpeedTree9/SpeedTreeBillboard.uexp" 900
"../../../Engine/Plugins/Editor/SpeedTreeImporter/Content/SpeedTree9/SpeedTreeBillboardMaster.uasset" 901
"../../../Engine/Plugins/Editor/SpeedTreeImporter/Content/SpeedTree9/SpeedTreeBillboardMaster.uexp" 902
"../../../Engine/Plugins/Animation/ControlRig/Content/Controls/ControlRigXRayMaterial.uasset" 903
"../../../Engine/Plugins/Animation/ControlRig/Content/Controls/ControlRigXRayMaterial.uexp" 904
"../../../Engine/Plugins/Animation/ControlRig/Content/Controls/ControlRigGizmoMaterial.uasset" 905
"../../../Engine/Plugins/Animation/ControlRig/Content/Controls/ControlRigGizmoMaterial.uexp" 906
"../../../Engine/Plugins/Animation/ControlRig/Content/Controls/ControlRig_Wedge_solid.uasset" 907
"../../../Engine/Plugins/Animation/ControlRig/Content/Controls/ControlRig_Wedge_solid.ubulk" 908
"../../../Engine/Plugins/Animation/ControlRig/Content/Controls/ControlRig_Wedge_solid.uexp" 909
"../../../Engine/Plugins/Animation/ControlRig/Content/Controls/ControlRig_Wedge_3mm.uasset" 910
"../../../Engine/Plugins/Animation/ControlRig/Content/Controls/ControlRig_Wedge_3mm.ubulk" 911
"../../../Engine/Plugins/Animation/ControlRig/Content/Controls/ControlRig_Wedge_3mm.uexp" 912
"../../../Engine/Plugins/Animation/ControlRig/Content/Controls/ControlRig_Wedge_1mm.uasset" 913
"../../../Engine/Plugins/Animation/ControlRig/Content/Controls/ControlRig_Wedge_1mm.ubulk" 914
"../../../Engine/Plugins/Animation/ControlRig/Content/Controls/ControlRig_Wedge_1mm.uexp" 915
"../../../Engine/Plugins/Animation/ControlRig/Content/Controls/ControlRig_Triangle_solid.uasset" 916
"../../../Engine/Plugins/Animation/ControlRig/Content/Controls/ControlRig_Triangle_solid.ubulk" 917
"../../../Engine/Plugins/Animation/ControlRig/Content/Controls/ControlRig_Triangle_solid.uexp" 918
"../../../Engine/Plugins/Animation/ControlRig/Content/Controls/ControlRig_Triangle_3mm.uasset" 919
"../../../Engine/Plugins/Animation/ControlRig/Content/Controls/ControlRig_Triangle_3mm.ubulk" 920
"../../../Engine/Plugins/Animation/ControlRig/Content/Controls/ControlRig_Triangle_3mm.uexp" 921
"../../../Engine/Plugins/Animation/ControlRig/Content/Controls/ControlRig_Triangle_1mm.uasset" 922
"../../../Engine/Plugins/Animation/ControlRig/Content/Controls/ControlRig_Triangle_1mm.ubulk" 923
"../../../Engine/Plugins/Animation/ControlRig/Content/Controls/ControlRig_Triangle_1mm.uexp" 924
"../../../Engine/Plugins/Animation/ControlRig/Content/Controls/ControlRig_Star4_solid.uasset" 925
"../../../Engine/Plugins/Animation/ControlRig/Content/Controls/ControlRig_Star4_solid.ubulk" 926
"../../../Engine/Plugins/Animation/ControlRig/Content/Controls/ControlRig_Star4_solid.uexp" 927
"../../../Engine/Plugins/Animation/ControlRig/Content/Controls/ControlRig_Star4_3mm.uasset" 928
"../../../Engine/Plugins/Animation/ControlRig/Content/Controls/ControlRig_Star4_3mm.ubulk" 929
"../../../Engine/Plugins/Animation/ControlRig/Content/Controls/ControlRig_Star4_3mm.uexp" 930
"../../../Engine/Plugins/Animation/ControlRig/Content/Controls/ControlRig_Star4_1mm.uasset" 931
"../../../Engine/Plugins/Animation/ControlRig/Content/Controls/ControlRig_Star4_1mm.ubulk" 932
"../../../Engine/Plugins/Animation/ControlRig/Content/Controls/ControlRig_Star4_1mm.uexp" 933
"../../../Engine/Plugins/Animation/ControlRig/Content/Controls/ControlRig_Square_solid.uasset" 934
"../../../Engine/Plugins/Animation/ControlRig/Content/Controls/ControlRig_Square_solid.ubulk" 935
"../../../Engine/Plugins/Animation/ControlRig/Content/Controls/ControlRig_Square_solid.uexp" 936
"../../../Engine/Plugins/Animation/ControlRig/Content/Controls/ControlRig_Square_3mm.uasset" 937
"../../../Engine/Plugins/Animation/ControlRig/Content/Controls/ControlRig_Square_3mm.ubulk" 938
"../../../Engine/Plugins/Animation/ControlRig/Content/Controls/ControlRig_Square_3mm.uexp" 939
"../../../Engine/Plugins/Animation/ControlRig/Content/Controls/ControlRig_Square_1mm.uasset" 940
"../../../Engine/Plugins/Animation/ControlRig/Content/Controls/ControlRig_Square_1mm.ubulk" 941
"../../../Engine/Plugins/Animation/ControlRig/Content/Controls/ControlRig_Square_1mm.uexp" 942
"../../../Engine/Plugins/Animation/ControlRig/Content/Controls/ControlRig_Sphere_solid.uasset" 943
"../../../Engine/Plugins/Animation/ControlRig/Content/Controls/ControlRig_Sphere_solid.ubulk" 944
"../../../Engine/Plugins/Animation/ControlRig/Content/Controls/ControlRig_Sphere_solid.uexp" 945
"../../../Engine/Plugins/Animation/ControlRig/Content/Controls/ControlRig_Sphere_3mm.uasset" 946
"../../../Engine/Plugins/Animation/ControlRig/Content/Controls/ControlRig_Sphere_3mm.ubulk" 947
"../../../Engine/Plugins/Animation/ControlRig/Content/Controls/ControlRig_Sphere_3mm.uexp" 948
"../../../Engine/Plugins/Animation/ControlRig/Content/Controls/ControlRig_Sphere_1mm.uasset" 949
"../../../Engine/Plugins/Animation/ControlRig/Content/Controls/ControlRig_Sphere_1mm.ubulk" 950
"../../../Engine/Plugins/Animation/ControlRig/Content/Controls/ControlRig_Sphere_1mm.uexp" 951
"../../../Engine/Plugins/Animation/ControlRig/Content/Controls/ControlRig_RoundedTriangle_solid.uasset" 952
"../../../Engine/Plugins/Animation/ControlRig/Content/Controls/ControlRig_RoundedTriangle_solid.ubulk" 953
"../../../Engine/Plugins/Animation/ControlRig/Content/Controls/ControlRig_RoundedTriangle_solid.uexp" 954
"../../../Engine/Plugins/Animation/ControlRig/Content/Controls/ControlRig_RoundedTriangle_3mm.uasset" 955
"../../../Engine/Plugins/Animation/ControlRig/Content/Controls/ControlRig_RoundedTriangle_3mm.ubulk" 956
"../../../Engine/Plugins/Animation/ControlRig/Content/Controls/ControlRig_RoundedTriangle_3mm.uexp" 957
"../../../Engine/Plugins/Animation/ControlRig/Content/Controls/ControlRig_RoundedTriangle_1mm.uasset" 958
"../../../Engine/Plugins/Animation/ControlRig/Content/Controls/ControlRig_RoundedTriangle_1mm.ubulk" 959
"../../../Engine/Plugins/Animation/ControlRig/Content/Controls/ControlRig_RoundedTriangle_1mm.uexp" 960
"../../../Engine/Plugins/Animation/ControlRig/Content/Controls/ControlRig_RoundedSquare_solid.uasset" 961
"../../../Engine/Plugins/Animation/ControlRig/Content/Controls/ControlRig_RoundedSquare_solid.ubulk" 962
"../../../Engine/Plugins/Animation/ControlRig/Content/Controls/ControlRig_RoundedSquare_solid.uexp" 963
"../../../Engine/Plugins/Animation/ControlRig/Content/Controls/ControlRig_RoundedSquare_3mm.uasset" 964
"../../../Engine/Plugins/Animation/ControlRig/Content/Controls/ControlRig_RoundedSquare_3mm.ubulk" 965
"../../../Engine/Plugins/Animation/ControlRig/Content/Controls/ControlRig_RoundedSquare_3mm.uexp" 966
"../../../Engine/Plugins/Animation/ControlRig/Content/Controls/ControlRig_RoundedSquare_1mm.uasset" 967
"../../../Engine/Plugins/Animation/ControlRig/Content/Controls/ControlRig_RoundedSquare_1mm.ubulk" 968
"../../../Engine/Plugins/Animation/ControlRig/Content/Controls/ControlRig_RoundedSquare_1mm.uexp" 969
"../../../Engine/Plugins/Animation/ControlRig/Content/Controls/ControlRig_QuarterCircle_solid.uasset" 970
"../../../Engine/Plugins/Animation/ControlRig/Content/Controls/ControlRig_QuarterCircle_solid.ubulk" 971
"../../../Engine/Plugins/Animation/ControlRig/Content/Controls/ControlRig_QuarterCircle_solid.uexp" 972
"../../../Engine/Plugins/Animation/ControlRig/Content/Controls/ControlRig_QuarterCircle_3mm.uasset" 973
"../../../Engine/Plugins/Animation/ControlRig/Content/Controls/ControlRig_QuarterCircle_3mm.ubulk" 974
"../../../Engine/Plugins/Animation/ControlRig/Content/Controls/ControlRig_QuarterCircle_3mm.uexp" 975
"../../../Engine/Plugins/Animation/ControlRig/Content/Controls/ControlRig_QuarterCircle_1mm.uasset" 976
"../../../Engine/Plugins/Animation/ControlRig/Content/Controls/ControlRig_QuarterCircle_1mm.ubulk" 977
"../../../Engine/Plugins/Animation/ControlRig/Content/Controls/ControlRig_QuarterCircle_1mm.uexp" 978
"../../../Engine/Plugins/Animation/ControlRig/Content/Controls/ControlRig_Pyramid_solid.uasset" 979
"../../../Engine/Plugins/Animation/ControlRig/Content/Controls/ControlRig_Pyramid_solid.ubulk" 980
"../../../Engine/Plugins/Animation/ControlRig/Content/Controls/ControlRig_Pyramid_solid.uexp" 981
"../../../Engine/Plugins/Animation/ControlRig/Content/Controls/ControlRig_Pyramid_3mm.uasset" 982
"../../../Engine/Plugins/Animation/ControlRig/Content/Controls/ControlRig_Pyramid_3mm.ubulk" 983
"../../../Engine/Plugins/Animation/ControlRig/Content/Controls/ControlRig_Pyramid_3mm.uexp" 984
"../../../Engine/Plugins/Animation/ControlRig/Content/Controls/ControlRig_Pyramid_1mm.uasset" 985
"../../../Engine/Plugins/Animation/ControlRig/Content/Controls/ControlRig_Pyramid_1mm.ubulk" 986
"../../../Engine/Plugins/Animation/ControlRig/Content/Controls/ControlRig_Pyramid_1mm.uexp" 987
"../../../Engine/Plugins/Animation/ControlRig/Content/Controls/ControlRig_Octagon_solid.uasset" 988
"../../../Engine/Plugins/Animation/ControlRig/Content/Controls/ControlRig_Octagon_solid.ubulk" 989
"../../../Engine/Plugins/Animation/ControlRig/Content/Controls/ControlRig_Octagon_solid.uexp" 990
"../../../Engine/Plugins/Animation/ControlRig/Content/Controls/ControlRig_Octagon_3mm.uasset" 991
"../../../Engine/Plugins/Animation/ControlRig/Content/Controls/ControlRig_Octagon_3mm.ubulk" 992
"../../../Engine/Plugins/Animation/ControlRig/Content/Controls/ControlRig_Octagon_3mm.uexp" 993
"../../../Engine/Plugins/Animation/ControlRig/Content/Controls/ControlRig_Octagon_1mm.uasset" 994
"../../../Engine/Plugins/Animation/ControlRig/Content/Controls/ControlRig_Octagon_1mm.ubulk" 995
"../../../Engine/Plugins/Animation/ControlRig/Content/Controls/ControlRig_Octagon_1mm.uexp" 996
"../../../Engine/Plugins/Animation/ControlRig/Content/Controls/ControlRig_Hexagon_solid.uasset" 997
"../../../Engine/Plugins/Animation/ControlRig/Content/Controls/ControlRig_Hexagon_solid.ubulk" 998
"../../../Engine/Plugins/Animation/ControlRig/Content/Controls/ControlRig_Hexagon_solid.uexp" 999
"../../../Engine/Plugins/Animation/ControlRig/Content/Controls/ControlRig_Hexagon_3mm.uasset" 1000
"../../../Engine/Plugins/Animation/ControlRig/Content/Controls/ControlRig_Hexagon_3mm.ubulk" 1001
"../../../Engine/Plugins/Animation/ControlRig/Content/Controls/ControlRig_Hexagon_3mm.uexp" 1002
"../../../Engine/Plugins/Animation/ControlRig/Content/Controls/ControlRig_Hexagon_1mm.uasset" 1003
"../../../Engine/Plugins/Animation/ControlRig/Content/Controls/ControlRig_Hexagon_1mm.ubulk" 1004
"../../../Engine/Plugins/Animation/ControlRig/Content/Controls/ControlRig_Hexagon_1mm.uexp" 1005
"../../../Engine/Plugins/Animation/ControlRig/Content/Controls/ControlRig_HalfCircle_solid.uasset" 1006
"../../../Engine/Plugins/Animation/ControlRig/Content/Controls/ControlRig_HalfCircle_solid.ubulk" 1007
"../../../Engine/Plugins/Animation/ControlRig/Content/Controls/ControlRig_HalfCircle_solid.uexp" 1008
"../../../Engine/Plugins/Animation/ControlRig/Content/Controls/ControlRig_HalfCircle_3mm.uasset" 1009
"../../../Engine/Plugins/Animation/ControlRig/Content/Controls/ControlRig_HalfCircle_3mm.ubulk" 1010
"../../../Engine/Plugins/Animation/ControlRig/Content/Controls/ControlRig_HalfCircle_3mm.uexp" 1011
"../../../Engine/Plugins/Animation/ControlRig/Content/Controls/ControlRig_HalfCircle_1mm.uasset" 1012
"../../../Engine/Plugins/Animation/ControlRig/Content/Controls/ControlRig_HalfCircle_1mm.ubulk" 1013
"../../../Engine/Plugins/Animation/ControlRig/Content/Controls/ControlRig_HalfCircle_1mm.uexp" 1014
"../../../Engine/Plugins/Animation/ControlRig/Content/Controls/ControlRig_Diamond_solid.uasset" 1015
"../../../Engine/Plugins/Animation/ControlRig/Content/Controls/ControlRig_Diamond_solid.ubulk" 1016
"../../../Engine/Plugins/Animation/ControlRig/Content/Controls/ControlRig_Diamond_solid.uexp" 1017
"../../../Engine/Plugins/Animation/ControlRig/Content/Controls/ControlRig_Diamond_3mm.uasset" 1018
"../../../Engine/Plugins/Animation/ControlRig/Content/Controls/ControlRig_Diamond_3mm.ubulk" 1019
"../../../Engine/Plugins/Animation/ControlRig/Content/Controls/ControlRig_Diamond_3mm.uexp" 1020
"../../../Engine/Plugins/Animation/ControlRig/Content/Controls/ControlRig_Diamond_1mm.uasset" 1021
"../../../Engine/Plugins/Animation/ControlRig/Content/Controls/ControlRig_Diamond_1mm.ubulk" 1022
"../../../Engine/Plugins/Animation/ControlRig/Content/Controls/ControlRig_Diamond_1mm.uexp" 1023
"../../../Engine/Plugins/Animation/ControlRig/Content/Controls/ControlRig_Circle_solid.uasset" 1024
"../../../Engine/Plugins/Animation/ControlRig/Content/Controls/ControlRig_Circle_solid.ubulk" 1025
"../../../Engine/Plugins/Animation/ControlRig/Content/Controls/ControlRig_Circle_solid.uexp" 1026
"../../../Engine/Plugins/Animation/ControlRig/Content/Controls/ControlRig_Circle_3mm.uasset" 1027
"../../../Engine/Plugins/Animation/ControlRig/Content/Controls/ControlRig_Circle_3mm.ubulk" 1028
"../../../Engine/Plugins/Animation/ControlRig/Content/Controls/ControlRig_Circle_3mm.uexp" 1029
"../../../Engine/Plugins/Animation/ControlRig/Content/Controls/ControlRig_Circle_1mm.uasset" 1030
"../../../Engine/Plugins/Animation/ControlRig/Content/Controls/ControlRig_Circle_1mm.ubulk" 1031
"../../../Engine/Plugins/Animation/ControlRig/Content/Controls/ControlRig_Circle_1mm.uexp" 1032
"../../../Engine/Plugins/Animation/ControlRig/Content/Controls/ControlRig_Box_solid.uasset" 1033
"../../../Engine/Plugins/Animation/ControlRig/Content/Controls/ControlRig_Box_solid.ubulk" 1034
"../../../Engine/Plugins/Animation/ControlRig/Content/Controls/ControlRig_Box_solid.uexp" 1035
"../../../Engine/Plugins/Animation/ControlRig/Content/Controls/ControlRig_Box_3mm.uasset" 1036
"../../../Engine/Plugins/Animation/ControlRig/Content/Controls/ControlRig_Box_3mm.ubulk" 1037
"../../../Engine/Plugins/Animation/ControlRig/Content/Controls/ControlRig_Box_3mm.uexp" 1038
"../../../Engine/Plugins/Animation/ControlRig/Content/Controls/ControlRig_Box_1mm.uasset" 1039
"../../../Engine/Plugins/Animation/ControlRig/Content/Controls/ControlRig_Box_1mm.ubulk" 1040
"../../../Engine/Plugins/Animation/ControlRig/Content/Controls/ControlRig_Box_1mm.uexp" 1041
"../../../Engine/Plugins/Animation/ControlRig/Content/Controls/ControlRig_Arrow_solid.uasset" 1042
"../../../Engine/Plugins/Animation/ControlRig/Content/Controls/ControlRig_Arrow_solid.ubulk" 1043
"../../../Engine/Plugins/Animation/ControlRig/Content/Controls/ControlRig_Arrow_solid.uexp" 1044
"../../../Engine/Plugins/Animation/ControlRig/Content/Controls/ControlRig_Arrow_3mm.uasset" 1045
"../../../Engine/Plugins/Animation/ControlRig/Content/Controls/ControlRig_Arrow_3mm.ubulk" 1046
"../../../Engine/Plugins/Animation/ControlRig/Content/Controls/ControlRig_Arrow_3mm.uexp" 1047
"../../../Engine/Plugins/Animation/ControlRig/Content/Controls/ControlRig_Arrow_1mm.uasset" 1048
"../../../Engine/Plugins/Animation/ControlRig/Content/Controls/ControlRig_Arrow_1mm.ubulk" 1049
"../../../Engine/Plugins/Animation/ControlRig/Content/Controls/ControlRig_Arrow_1mm.uexp" 1050
"../../../Engine/Plugins/Animation/ControlRig/Content/Controls/ControlRig_Arrow4_solid.uasset" 1051
"../../../Engine/Plugins/Animation/ControlRig/Content/Controls/ControlRig_Arrow4_solid.ubulk" 1052
"../../../Engine/Plugins/Animation/ControlRig/Content/Controls/ControlRig_Arrow4_solid.uexp" 1053
"../../../Engine/Plugins/Animation/ControlRig/Content/Controls/ControlRig_Arrow4_3mm.uasset" 1054
"../../../Engine/Plugins/Animation/ControlRig/Content/Controls/ControlRig_Arrow4_3mm.ubulk" 1055
"../../../Engine/Plugins/Animation/ControlRig/Content/Controls/ControlRig_Arrow4_3mm.uexp" 1056
"../../../Engine/Plugins/Animation/ControlRig/Content/Controls/ControlRig_Arrow4_1mm.uasset" 1057
"../../../Engine/Plugins/Animation/ControlRig/Content/Controls/ControlRig_Arrow4_1mm.ubulk" 1058
"../../../Engine/Plugins/Animation/ControlRig/Content/Controls/ControlRig_Arrow4_1mm.uexp" 1059
"../../../Engine/Plugins/Animation/ControlRig/Content/Controls/ControlRig_Arrow2_solid.uasset" 1060
"../../../Engine/Plugins/Animation/ControlRig/Content/Controls/ControlRig_Arrow2_solid.ubulk" 1061
"../../../Engine/Plugins/Animation/ControlRig/Content/Controls/ControlRig_Arrow2_solid.uexp" 1062
"../../../Engine/Plugins/Animation/ControlRig/Content/Controls/ControlRig_Arrow2_3mm.uasset" 1063
"../../../Engine/Plugins/Animation/ControlRig/Content/Controls/ControlRig_Arrow2_3mm.ubulk" 1064
"../../../Engine/Plugins/Animation/ControlRig/Content/Controls/ControlRig_Arrow2_3mm.uexp" 1065
"../../../Engine/Plugins/Animation/ControlRig/Content/Controls/ControlRig_Arrow2_1mm.uasset" 1066
"../../../Engine/Plugins/Animation/ControlRig/Content/Controls/ControlRig_Arrow2_1mm.ubulk" 1067
"../../../Engine/Plugins/Animation/ControlRig/Content/Controls/ControlRig_Arrow2_1mm.uexp" 1068
"../../../Engine/Content/VREditor/TransformGizmo/StartRotationHandleIndicator.uasset" 1069
"../../../Engine/Content/VREditor/TransformGizmo/StartRotationHandleIndicator.ubulk" 1070
"../../../Engine/Content/VREditor/TransformGizmo/StartRotationHandleIndicator.uexp" 1071
"../../../Engine/Content/VREditor/Sounds/UI/Drop_Item_From_ContentBrowser.uasset" 1072
"../../../Engine/Content/VREditor/Sounds/UI/Drop_Item_From_ContentBrowser.ubulk" 1073
"../../../Engine/Content/VREditor/Sounds/UI/Drop_Item_From_ContentBrowser.uexp" 1074
"../../../Engine/Content/VREditor/TransformGizmo/PlaneTranslationHandle.uasset" 1075
"../../../Engine/Content/VREditor/TransformGizmo/PlaneTranslationHandle.ubulk" 1076
"../../../Engine/Content/VREditor/TransformGizmo/PlaneTranslationHandle.uexp" 1077
"../../../Engine/Content/VREditor/Sounds/UI/Object_Snaps_To_Grid.uasset" 1078
"../../../Engine/Content/VREditor/Sounds/UI/Object_Snaps_To_Grid.ubulk" 1079
"../../../Engine/Content/VREditor/Sounds/UI/Object_Snaps_To_Grid.uexp" 1080
"../../../Engine/Content/VREditor/Sounds/UI/Selection_Changes.uasset" 1081
"../../../Engine/Content/VREditor/Sounds/UI/Selection_Changes.ubulk" 1082
"../../../Engine/Content/VREditor/Sounds/UI/Selection_Changes.uexp" 1083
"../../../Engine/Content/VREditor/Sounds/UI/Object_Snaps_To_Another_Actor.uasset" 1084
"../../../Engine/Content/VREditor/Sounds/UI/Object_Snaps_To_Another_Actor.ubulk" 1085
"../../../Engine/Content/VREditor/Sounds/UI/Object_Snaps_To_Another_Actor.uexp" 1086
"../../../Engine/Content/VREditor/TransformGizmo/TranslucentTransformGizmoMaterial_Inst.uasset" 1087
"../../../Engine/Content/VREditor/TransformGizmo/TranslucentTransformGizmoMaterial_Inst.uexp" 1088
"../../../Engine/Content/VREditor/TransformGizmo/TransformGizmoFreeRotation.uasset" 1089
"../../../Engine/Content/VREditor/TransformGizmo/TransformGizmoFreeRotation.ubulk" 1090
"../../../Engine/Content/VREditor/TransformGizmo/TransformGizmoFreeRotation.uexp" 1091
"../../../Engine/Content/VREditor/Sounds/UI/Scaling_Down.uasset" 1092
"../../../Engine/Content/VREditor/Sounds/UI/Scaling_Down.ubulk" 1093
"../../../Engine/Content/VREditor/Sounds/UI/Scaling_Down.uexp" 1094
"../../../Engine/Content/Functions/Engine_MaterialFunctions02/SplitComponents.uasset" 1095
"../../../Engine/Content/Functions/Engine_MaterialFunctions02/SplitComponents.uexp" 1096
"../../../Engine/Content/VREditor/SnapGrid/SnapGridMaterial.uasset" 1097
"../../../Engine/Content/VREditor/SnapGrid/SnapGridMaterial.uexp" 1098
"../../../Engine/Content/VREditor/SnapGrid/SnapGridPlaneMesh.uasset" 1099
"../../../Engine/Content/VREditor/SnapGrid/SnapGridPlaneMesh.ubulk" 1100
"../../../Engine/Content/VREditor/SnapGrid/SnapGridPlaneMesh.uexp" 1101
"../../../Engine/Content/VREditor/Sounds/UI/Scaling_Up.uasset" 1102
"../../../Engine/Content/VREditor/Sounds/UI/Scaling_Up.ubulk" 1103
"../../../Engine/Content/VREditor/Sounds/UI/Scaling_Up.uexp" 1104
"../../../Engine/Content/VREditor/TransformGizmo/TransformGizmoMaterial_Inst.uasset" 1105
"../../../Engine/Content/VREditor/TransformGizmo/TransformGizmoMaterial_Inst.uexp" 1106
"../../../Engine/Content/VREditor/Sounds/UI/Gizmo_Handle_Clicked.uasset" 1107
"../../../Engine/Content/VREditor/Sounds/UI/Gizmo_Handle_Clicked.ubulk" 1108
"../../../Engine/Content/VREditor/Sounds/UI/Gizmo_Handle_Clicked.uexp" 1109
"../../../Engine/Content/VREditor/TransformGizmo/RotationHandleQuarter.uasset" 1110
"../../../Engine/Content/VREditor/TransformGizmo/RotationHandleQuarter.ubulk" 1111
"../../../Engine/Content/VREditor/TransformGizmo/RotationHandleQuarter.uexp" 1112
"../../../Engine/Content/VREditor/TransformGizmo/TranslateArrowHandle.uasset" 1113
"../../../Engine/Content/VREditor/TransformGizmo/TranslateArrowHandle.ubulk" 1114
"../../../Engine/Content/VREditor/TransformGizmo/TranslateArrowHandle.uexp" 1115
"../../../Engine/Content/VREditor/TransformGizmo/RotationHandleIndicator.uasset" 1116
"../../../Engine/Content/VREditor/TransformGizmo/RotationHandleIndicator.ubulk" 1117
"../../../Engine/Content/VREditor/TransformGizmo/RotationHandleIndicator.uexp" 1118
"../../../Engine/Content/VREditor/TransformGizmo/UniformScaleHandle.uasset" 1119
"../../../Engine/Content/VREditor/TransformGizmo/UniformScaleHandle.ubulk" 1120
"../../../Engine/Content/VREditor/TransformGizmo/UniformScaleHandle.uexp" 1121
"../../../Engine/Content/VREditor/TransformGizmo/RotationHandleFull.uasset" 1122
"../../../Engine/Content/VREditor/TransformGizmo/RotationHandleFull.ubulk" 1123
"../../../Engine/Content/VREditor/TransformGizmo/RotationHandleFull.uexp" 1124
"../../../Engine/Content/VREditor/Sounds/UI/Object_PickUp.uasset" 1125
"../../../Engine/Content/VREditor/Sounds/UI/Object_PickUp.ubulk" 1126
"../../../Engine/Content/VREditor/Sounds/UI/Object_PickUp.uexp" 1127
"../../../Engine/Content/MobileResources/HUD/VirtualJoystick_Background.uasset" 1128
"../../../Engine/Content/MobileResources/HUD/VirtualJoystick_Background.uexp" 1129
"../../../Engine/Content/MobileResources/HUD/VirtualJoystick_Thumb.uasset" 1130
"../../../Engine/Content/MobileResources/HUD/VirtualJoystick_Thumb.uexp" 1131
"../../../Engine/Content/MobileResources/HUD/DefaultVirtualJoysticks.uasset" 1132
"../../../Engine/Content/MobileResources/HUD/DefaultVirtualJoysticks.uexp" 1133
"../../../Engine/Content/EngineSounds/Master.uasset" 1134
"../../../Engine/Content/EngineSounds/Master.uexp" 1135
"../../../Engine/Content/EngineSky/VolumetricClouds/CloudWeatherTexture.uasset" 1136
"../../../Engine/Content/EngineSky/VolumetricClouds/CloudWeatherTexture.uexp" 1137
"../../../Engine/Content/Functions/Engine_MaterialFunctions02/Utility/MakeFloat2.uasset" 1138
"../../../Engine/Content/Functions/Engine_MaterialFunctions02/Utility/MakeFloat2.uexp" 1139
"../../../Engine/Content/EngineSky/VolumetricClouds/CloudGradientTexture.uasset" 1140
"../../../Engine/Content/EngineSky/VolumetricClouds/CloudGradientTexture.uexp" 1141
"../../../Engine/Content/EngineSky/VolumetricClouds/T_NoiseShape64.uasset" 1142
"../../../Engine/Content/EngineSky/VolumetricClouds/T_NoiseShape64.ubulk" 1143
"../../../Engine/Content/EngineSky/VolumetricClouds/T_NoiseShape64.uexp" 1144
"../../../Engine/Content/EngineSky/VolumetricClouds/T_VolumeNoiseShape64.uasset" 1145
"../../../Engine/Content/EngineSky/VolumetricClouds/T_VolumeNoiseShape64.uexp" 1146
"../../../Engine/Content/EngineSky/VolumetricClouds/T_NoiseErosion.uasset" 1147
"../../../Engine/Content/EngineSky/VolumetricClouds/T_NoiseErosion.ubulk" 1148
"../../../Engine/Content/EngineSky/VolumetricClouds/T_NoiseErosion.uexp" 1149
"../../../Engine/Content/EngineSky/VolumetricClouds/T_VolumeNoiseErosion32.uasset" 1150
"../../../Engine/Content/EngineSky/VolumetricClouds/T_VolumeNoiseErosion32.uexp" 1151
"../../../Engine/Content/EngineSky/VolumetricClouds/m_SimpleVolumetricCloud.uasset" 1152
"../../../Engine/Content/EngineSky/VolumetricClouds/m_SimpleVolumetricCloud.uexp" 1153
"../../../Engine/Content/EngineSky/VolumetricClouds/m_SimpleVolumetricCloud_Inst.uasset" 1154
"../../../Engine/Content/EngineSky/VolumetricClouds/m_SimpleVolumetricCloud_Inst.uexp" 1155
"../../../Engine/Content/EngineResources/FilmGrains/Marcie_Grain_v3_128_M2_000.uasset" 1156
"../../../Engine/Content/EngineResources/FilmGrains/Marcie_Grain_v3_128_M2_000.uexp" 1157
"../../../Engine/Content/EngineResources/WhiteSquareTexture.uasset" 1158
"../../../Engine/Content/EngineResources/WhiteSquareTexture.uexp" 1159
"../../../Engine/Content/EngineMaterials/Widget3DPassThrough.uasset" 1160
"../../../Engine/Content/EngineMaterials/Widget3DPassThrough.uexp" 1161
"../../../Engine/Content/EngineMaterials/Widget3DPassThrough_Translucent.uasset" 1162
"../../../Engine/Content/EngineMaterials/Widget3DPassThrough_Translucent.uexp" 1163
"../../../Engine/Content/EngineMaterials/Widget3DPassThrough_Translucent_OneSided.uasset" 1164
"../../../Engine/Content/EngineMaterials/Widget3DPassThrough_Translucent_OneSided.uexp" 1165
"../../../Engine/Content/EngineMaterials/Widget3DPassThrough_Opaque.uasset" 1166
"../../../Engine/Content/EngineMaterials/Widget3DPassThrough_Opaque.uexp" 1167
"../../../Engine/Content/EngineMaterials/Widget3DPassThrough_Opaque_OneSided.uasset" 1168
"../../../Engine/Content/EngineMaterials/Widget3DPassThrough_Opaque_OneSided.uexp" 1169
"../../../Engine/Content/EngineMaterials/Widget3DPassThrough_Masked_OneSided.uasset" 1170
"../../../Engine/Content/EngineMaterials/Widget3DPassThrough_Masked_OneSided.uexp" 1171
"../../../Engine/Content/EngineMaterials/Widget3DPassThrough_Masked.uasset" 1172
"../../../Engine/Content/EngineMaterials/Widget3DPassThrough_Masked.uexp" 1173
"../../../Engine/Content/EngineMaterials/STBlueNoise_vec2_128x128x64.uasset" 1174
"../../../Engine/Content/EngineMaterials/STBlueNoise_vec2_128x128x64.uexp" 1175
"../../../Engine/Content/EngineMaterials/STBlueNoise_scalar_128x128x64.uasset" 1176
"../../../Engine/Content/EngineMaterials/STBlueNoise_scalar_128x128x64.uexp" 1177
"../../../Engine/Content/EngineMaterials/RemoveSurfaceMaterial.uasset" 1178
"../../../Engine/Content/EngineMaterials/RemoveSurfaceMaterial.uexp" 1179
"../../../Engine/Content/EngineMaterials/DefaultCalibrationGrayscale.uasset" 1180
"../../../Engine/Content/EngineMaterials/DefaultCalibrationGrayscale.uexp" 1181
"../../../Engine/Content/EngineMaterials/PPM_DefaultCalibrationGrayscale.uasset" 1182
"../../../Engine/Content/EngineMaterials/PPM_DefaultCalibrationGrayscale.uexp" 1183
"../../../Engine/Content/EngineMaterials/DefaultCalibrationColor.uasset" 1184
"../../../Engine/Content/EngineMaterials/DefaultCalibrationColor.uexp" 1185
"../../../Engine/Content/EngineMaterials/PPM_DefaultCalibrationColor.uasset" 1186
"../../../Engine/Content/EngineMaterials/PPM_DefaultCalibrationColor.uexp" 1187
"../../../Engine/Content/EngineMaterials/PhAT_JointLimitMaterial.uasset" 1188
"../../../Engine/Content/EngineMaterials/PhAT_JointLimitMaterial.uexp" 1189
"../../../Engine/Content/EngineMaterials/NaniteHiddenSectionMaterial.uasset" 1190
"../../../Engine/Content/EngineMaterials/NaniteHiddenSectionMaterial.uexp" 1191
"../../../Engine/Content/EngineMaterials/InvalidLightmapSettings.uasset" 1192
"../../../Engine/Content/EngineMaterials/InvalidLightmapSettings.ubulk" 1193
"../../../Engine/Content/EngineMaterials/InvalidLightmapSettings.uexp" 1194
"../../../Engine/Content/EngineMaterials/M_InvalidLightmapSettings.uasset" 1195
"../../../Engine/Content/EngineMaterials/M_InvalidLightmapSettings.uexp" 1196
"../../../Engine/Content/EngineMaterials/GizmoMaterial.uasset" 1197
"../../../Engine/Content/EngineMaterials/GizmoMaterial.uexp" 1198
"../../../Engine/Content/EngineMaterials/BaseFlattenEmissiveMap_VT.uasset" 1199
"../../../Engine/Content/EngineMaterials/BaseFlattenEmissiveMap_VT.uexp" 1200
"../../../Engine/Content/EngineMaterials/BaseFlattenGrayscaleMap_VT.uasset" 1201
"../../../Engine/Content/EngineMaterials/BaseFlattenGrayscaleMap_VT.uexp" 1202
"../../../Engine/Content/EngineMaterials/BaseFlattenLinearColor_VT.uasset" 1203
"../../../Engine/Content/EngineMaterials/BaseFlattenLinearColor_VT.uexp" 1204
"../../../Engine/Content/EngineMaterials/Black_1x1_EXR_Texture_VT.uasset" 1205
"../../../Engine/Content/EngineMaterials/Black_1x1_EXR_Texture_VT.uexp" 1206
"../../../Engine/Content/EngineMaterials/BaseFlattenDiffuseMap_VT.uasset" 1207
"../../../Engine/Content/EngineMaterials/BaseFlattenDiffuseMap_VT.uexp" 1208
"../../../Engine/Content/EngineMaterials/BaseFlattenNormalMap_VT.uasset" 1209
"../../../Engine/Content/EngineMaterials/BaseFlattenNormalMap_VT.uexp" 1210
"../../../Engine/Content/EngineMaterials/FlattenMaterial_WS_Normal_VT.uasset" 1211
"../../../Engine/Content/EngineMaterials/FlattenMaterial_WS_Normal_VT.uexp" 1212
"../../../Engine/Content/EngineMaterials/FlattenMaterial_VT.uasset" 1213
"../../../Engine/Content/EngineMaterials/FlattenMaterial_VT.uexp" 1214
"../../../Engine/Content/EngineMaterials/BaseFlattenNormalMap.uasset" 1215
"../../../Engine/Content/EngineMaterials/BaseFlattenNormalMap.uexp" 1216
"../../../Engine/Content/EngineMaterials/BaseFlattenGrayscaleMap.uasset" 1217
"../../../Engine/Content/EngineMaterials/BaseFlattenGrayscaleMap.uexp" 1218
"../../../Engine/Content/EngineMaterials/BaseFlattenDiffuseMap.uasset" 1219
"../../../Engine/Content/EngineMaterials/BaseFlattenDiffuseMap.uexp" 1220
"../../../Engine/Content/Functions/Engine_MaterialFunctions02/PivotPainter2/Black_1x1_EXR_Texture.uasset" 1221
"../../../Engine/Content/Functions/Engine_MaterialFunctions02/PivotPainter2/Black_1x1_EXR_Texture.uexp" 1222
"../../../Engine/Content/EngineMaterials/BaseFlattenEmissiveMap.uasset" 1223
"../../../Engine/Content/EngineMaterials/BaseFlattenEmissiveMap.uexp" 1224
"../../../Engine/Content/EngineMaterials/BaseFlattenLinearColor.uasset" 1225
"../../../Engine/Content/EngineMaterials/BaseFlattenLinearColor.uexp" 1226
"../../../Engine/Content/EngineMaterials/FlattenMaterial.uasset" 1227
"../../../Engine/Content/EngineMaterials/FlattenMaterial.uexp" 1228
"../../../Engine/Content/EngineMaterials/DefaultWhiteGrid_Low.uasset" 1229
"../../../Engine/Content/EngineMaterials/DefaultWhiteGrid_Low.uexp" 1230
"../../../Engine/Content/EngineMaterials/EmissiveMeshMaterial.uasset" 1231
"../../../Engine/Content/EngineMaterials/EmissiveMeshMaterial.uexp" 1232
"../../../Engine/Content/EngineFonts/RobotoDistanceField.uasset" 1233
"../../../Engine/Content/EngineFonts/RobotoDistanceField.uexp" 1234
"../../../Engine/Content/EngineMaterials/DefaultTextMaterialOpaque.uasset" 1235
"../../../Engine/Content/EngineMaterials/DefaultTextMaterialOpaque.uexp" 1236
"../../../Engine/Content/EngineMaterials/DefaultDiffuse.uasset" 1237
"../../../Engine/Content/EngineMaterials/DefaultDiffuse.ubulk" 1238
"../../../Engine/Content/EngineMaterials/DefaultDiffuse.uexp" 1239
"../../../Engine/Content/Functions/Engine_MaterialFunctions02/Utility/BreakOutFloat2Components.uasset" 1240
"../../../Engine/Content/Functions/Engine_MaterialFunctions02/Utility/BreakOutFloat2Components.uexp" 1241
"../../../Engine/Content/EngineMaterials/DefaultPostProcessMaterial.uasset" 1242
"../../../Engine/Content/EngineMaterials/DefaultPostProcessMaterial.uexp" 1243
"../../../Engine/Content/EngineMaterials/DefaultLightFunctionMaterial.uasset" 1244
"../../../Engine/Content/EngineMaterials/DefaultLightFunctionMaterial.uexp" 1245
"../../../Engine/Content/EngineMaterials/DefaultDestructiblePhysicalMaterial.uasset" 1246
"../../../Engine/Content/EngineMaterials/DefaultDestructiblePhysicalMaterial.uexp" 1247
"../../../Engine/Content/EngineMaterials/DefaultDeferredDecalMaterial.uasset" 1248
"../../../Engine/Content/EngineMaterials/DefaultDeferredDecalMaterial.uexp" 1249
"../../../Engine/Content/EngineMaterials/DefaultBloomKernel.uasset" 1250
"../../../Engine/Content/EngineMaterials/DefaultBloomKernel.uexp" 1251
"../../../Engine/Content/EngineFonts/Faces/RobotoLight.uasset" 1252
"../../../Engine/Content/EngineFonts/Faces/RobotoLight.ufont" 1253
"../../../Engine/Content/EngineFonts/Faces/RobotoLight.uexp" 1254
"../../../Engine/Content/EngineFonts/Faces/RobotoBold.uasset" 1255
"../../../Engine/Content/EngineFonts/Faces/RobotoBold.ufont" 1256
"../../../Engine/Content/EngineFonts/Faces/RobotoBold.uexp" 1257
"../../../Engine/Content/EngineFonts/Faces/RobotoRegular.uasset" 1258
"../../../Engine/Content/EngineFonts/Faces/RobotoRegular.ufont" 1259
"../../../Engine/Content/EngineFonts/Faces/RobotoRegular.uexp" 1260
"../../../Engine/Content/EngineFonts/Faces/DroidSansFallback.uasset" 1261
"../../../Engine/Content/EngineFonts/Faces/DroidSansFallback.ufont" 1262
"../../../Engine/Content/EngineFonts/Faces/DroidSansFallback.uexp" 1263
"../../../Engine/Content/EngineFonts/Faces/RobotoItalic.uasset" 1264
"../../../Engine/Content/EngineFonts/Faces/RobotoItalic.ufont" 1265
"../../../Engine/Content/EngineFonts/Faces/RobotoItalic.uexp" 1266
"../../../Engine/Content/EngineFonts/Faces/RobotoBoldItalic.uasset" 1267
"../../../Engine/Content/EngineFonts/Faces/RobotoBoldItalic.ufont" 1268
"../../../Engine/Content/EngineFonts/Faces/RobotoBoldItalic.uexp" 1269
"../../../Engine/Content/EngineFonts/Roboto.uasset" 1270
"../../../Engine/Content/EngineFonts/Roboto.uexp" 1271
"../../../Engine/Content/EngineDebugMaterials/VolumeToRender.uasset" 1272
"../../../Engine/Content/EngineDebugMaterials/VolumeToRender.uexp" 1273
"../../../Engine/Content/EngineDebugMaterials/M_VolumeRenderSphereTracePP.uasset" 1274
"../../../Engine/Content/EngineDebugMaterials/M_VolumeRenderSphereTracePP.uexp" 1275
"../../../Engine/Content/EngineDebugMaterials/M_SimpleUnlitTranslucent.uasset" 1276
"../../../Engine/Content/EngineDebugMaterials/M_SimpleUnlitTranslucent.uexp" 1277
"../../../Engine/Content/EngineDebugMaterials/DebugMeshMaterial.uasset" 1278
"../../../Engine/Content/EngineDebugMaterials/DebugMeshMaterial.uexp" 1279
"../../../Engine/Content/EngineDebugMaterials/DebugEditorMaterial.uasset" 1280
"../../../Engine/Content/EngineDebugMaterials/DebugEditorMaterial.uexp" 1281
"../../../Engine/Content/EngineDamageTypes/DmgTypeBP_Environmental.uasset" 1282
"../../../Engine/Content/EngineDamageTypes/DmgTypeBP_Environmental.uexp" 1283
"../../../Engine/Content/EditorResources/EmptyActor.uasset" 1284
"../../../Engine/Content/EditorResources/EmptyActor.uexp" 1285
"../../../Engine/Content/EditorResources/BSPVertex.uasset" 1286
"../../../Engine/Content/EditorResources/BSPVertex.uexp" 1287
"../../../Engine/Content/EditorResources/SequenceRecorder/RecordingIndicator.uasset" 1288
"../../../Engine/Content/EditorResources/SequenceRecorder/RecordingIndicator.uexp" 1289
"../../../Engine/Content/EditorResources/SequenceRecorder/Countdown.uasset" 1290
"../../../Engine/Content/EditorResources/SequenceRecorder/Countdown.uexp" 1291
"../../../Engine/Content/EditorMaterials/PreviewShadowIndicator.uasset" 1292
"../../../Engine/Content/EditorMaterials/PreviewShadowIndicator.ubulk" 1293
"../../../Engine/Content/EditorMaterials/PreviewShadowIndicator.uexp" 1294
"../../../Engine/Content/EditorMaterials/PreviewShadowIndicatorMaterial.uasset" 1295
"../../../Engine/Content/EditorMaterials/PreviewShadowIndicatorMaterial.uexp" 1296
"../../../Engine/Content/EditorMaterials/PhAT_UnselectedMaterial.uasset" 1297
"../../../Engine/Content/EditorMaterials/PhAT_UnselectedMaterial.uexp" 1298
"../../../Engine/Content/EditorMaterials/PhAT_NoCollisionMaterial.uasset" 1299
"../../../Engine/Content/EditorMaterials/PhAT_NoCollisionMaterial.uexp" 1300
"../../../Engine/Content/EditorMaterials/Dataflow/DataflowVertexMaterial.uasset" 1301
"../../../Engine/Content/EditorMaterials/Dataflow/DataflowVertexMaterial.uexp" 1302
"../../../Engine/Content/EditorLandscapeResources/DefaultAlphaTexture.uasset" 1303
"../../../Engine/Content/EditorLandscapeResources/DefaultAlphaTexture.uexp" 1304
"../../../Engine/Content/EditorLandscapeResources/DataLayer.uasset" 1305
"../../../Engine/Content/EditorLandscapeResources/DataLayer.uexp" 1306
"../../../Engine/Content/EngineMaterials/DefaultMaterial.uasset" 1307
"../../../Engine/Content/EngineMaterials/DefaultMaterial.uexp" 1308
"../../../Engine/Content/BasicShapes/Cylinder.uasset" 1309
"../../../Engine/Content/BasicShapes/Cylinder.ubulk" 1310
"../../../Engine/Content/BasicShapes/Cylinder.uexp" 1311
"E:/Unreal Projects/UnderSeaRepo/Content/Mixamo/AnimationsOld/CombatOld/Anim_PunchCombo.uasset" 1312
"E:/Unreal Projects/UnderSeaRepo/Content/Mixamo/AnimationsOld/CombatOld/Anim_PunchCombo.uexp" 1313
"E:/Unreal Projects/UnderSeaRepo/Content/Mixamo/AnimationsOld/CombatOld/Montage_PunchCombo.uasset" 1314
"E:/Unreal Projects/UnderSeaRepo/Content/Mixamo/AnimationsOld/CombatOld/Montage_PunchCombo.uexp" 1315
"E:/Unreal Projects/UnderSeaRepo/Content/Mixamo/AnimationsOld/CombatOld/Anim_HeadPunched.uasset" 1316
"E:/Unreal Projects/UnderSeaRepo/Content/Mixamo/AnimationsOld/CombatOld/Anim_HeadPunched.uexp" 1317
"E:/Unreal Projects/UnderSeaRepo/Content/Mixamo/AnimationsOld/CombatOld/Montage_HeadPunched.uasset" 1318
"E:/Unreal Projects/UnderSeaRepo/Content/Mixamo/AnimationsOld/CombatOld/Montage_HeadPunched.uexp" 1319
"E:/Unreal Projects/UnderSeaRepo/Content/Enemies/Crab/Animations/Anim_CrabTPose.uasset" 1320
"E:/Unreal Projects/UnderSeaRepo/Content/Enemies/Crab/Animations/Anim_CrabTPose.uexp" 1321
"E:/Unreal Projects/UnderSeaRepo/Content/Characters/Mannequin_UE4/Rigs/RTG_UE5Manny_UE4Manny.uasset" 1322
"E:/Unreal Projects/UnderSeaRepo/Content/Characters/Mannequin_UE4/Rigs/RTG_UE5Manny_UE4Manny.uexp" 1323
"E:/Unreal Projects/UnderSeaRepo/Content/Characters/Mannequin_UE4/Rigs/RTG_UE4Manny_UE5Manny.uasset" 1324
"E:/Unreal Projects/UnderSeaRepo/Content/Characters/Mannequin_UE4/Rigs/RTG_UE4Manny_UE5Manny.uexp" 1325
"E:/Unreal Projects/UnderSeaRepo/Content/Characters/Mannequin_UE4/Rigs/IK_UE4_Mannequin.uasset" 1326
"E:/Unreal Projects/UnderSeaRepo/Content/Characters/Mannequin_UE4/Rigs/IK_UE4_Mannequin.uexp" 1327
"E:/Unreal Projects/UnderSeaRepo/Content/Characters/Mannequin_UE4/Textures/T_UELogo_N_TGA.uasset" 1328
"E:/Unreal Projects/UnderSeaRepo/Content/Characters/Mannequin_UE4/Textures/T_UELogo_N_TGA.ubulk" 1329
"E:/Unreal Projects/UnderSeaRepo/Content/Characters/Mannequin_UE4/Textures/T_UELogo_N_TGA.uexp" 1330
"E:/Unreal Projects/UnderSeaRepo/Content/Characters/Mannequin_UE4/Textures/T_UE4_Mannequin__normals.uasset" 1331
"E:/Unreal Projects/UnderSeaRepo/Content/Characters/Mannequin_UE4/Textures/T_UE4_Mannequin__normals.ubulk" 1332
"E:/Unreal Projects/UnderSeaRepo/Content/Characters/Mannequin_UE4/Textures/T_UE4_Mannequin__normals.uexp" 1333
"E:/Unreal Projects/UnderSeaRepo/Content/Characters/Mannequin_UE4/Materials/Layers/ML_ShinyPlastic_Beige.uasset" 1334
"E:/Unreal Projects/UnderSeaRepo/Content/Characters/Mannequin_UE4/Materials/Layers/ML_ShinyPlastic_Beige.uexp" 1335
"../../../Engine/Content/Functions/MaterialLayerFunctions/MatLayerBlend_NormalBlend.uasset" 1336
"../../../Engine/Content/Functions/MaterialLayerFunctions/MatLayerBlend_NormalBlend.uexp" 1337
"E:/Unreal Projects/UnderSeaRepo/Content/Characters/Mannequin_UE4/Textures/T_UELogo_Mask.uasset" 1338
"E:/Unreal Projects/UnderSeaRepo/Content/Characters/Mannequin_UE4/Textures/T_UELogo_Mask.ubulk" 1339
"E:/Unreal Projects/UnderSeaRepo/Content/Characters/Mannequin_UE4/Textures/T_UELogo_Mask.uexp" 1340
"E:/Unreal Projects/UnderSeaRepo/Content/Characters/Mannequin_UE4/Materials/Layers/ML_ShinyPlastic_Beige_Logo.uasset" 1341
"E:/Unreal Projects/UnderSeaRepo/Content/Characters/Mannequin_UE4/Materials/Layers/ML_ShinyPlastic_Beige_Logo.uexp" 1342
"E:/Unreal Projects/UnderSeaRepo/Content/Characters/Mannequin_UE4/Textures/T_UE4_Mannequin_MAT_MASKA.uasset" 1343
"E:/Unreal Projects/UnderSeaRepo/Content/Characters/Mannequin_UE4/Textures/T_UE4_Mannequin_MAT_MASKA.ubulk" 1344
"E:/Unreal Projects/UnderSeaRepo/Content/Characters/Mannequin_UE4/Textures/T_UE4_Mannequin_MAT_MASKA.uexp" 1345
"E:/Unreal Projects/UnderSeaRepo/Content/Characters/Mannequin_UE4/Textures/T_ML_Aluminum01_N.uasset" 1346
"E:/Unreal Projects/UnderSeaRepo/Content/Characters/Mannequin_UE4/Textures/T_ML_Aluminum01_N.ubulk" 1347
"E:/Unreal Projects/UnderSeaRepo/Content/Characters/Mannequin_UE4/Textures/T_ML_Aluminum01_N.uexp" 1348
"E:/Unreal Projects/UnderSeaRepo/Content/Characters/Mannequin_UE4/Textures/T_ML_Aluminum01.uasset" 1349
"E:/Unreal Projects/UnderSeaRepo/Content/Characters/Mannequin_UE4/Textures/T_ML_Aluminum01.ubulk" 1350
"E:/Unreal Projects/UnderSeaRepo/Content/Characters/Mannequin_UE4/Textures/T_ML_Aluminum01.uexp" 1351
"E:/Unreal Projects/UnderSeaRepo/Content/Characters/Mannequin_UE4/Materials/Layers/ML_SoftMetal.uasset" 1352
"E:/Unreal Projects/UnderSeaRepo/Content/Characters/Mannequin_UE4/Materials/Layers/ML_SoftMetal.uexp" 1353
"../../../Engine/Content/Functions/MaterialLayerFunctions/MatLayerBlend_Simple.uasset" 1354
"../../../Engine/Content/Functions/MaterialLayerFunctions/MatLayerBlend_Simple.uexp" 1355
"E:/Unreal Projects/UnderSeaRepo/Content/Characters/Mannequin_UE4/Textures/T_ML_Rubber_Blue_01_N.uasset" 1356
"E:/Unreal Projects/UnderSeaRepo/Content/Characters/Mannequin_UE4/Textures/T_ML_Rubber_Blue_01_N.ubulk" 1357
"E:/Unreal Projects/UnderSeaRepo/Content/Characters/Mannequin_UE4/Textures/T_ML_Rubber_Blue_01_N.uexp" 1358
"E:/Unreal Projects/UnderSeaRepo/Content/Characters/Mannequin_UE4/Textures/T_ML_Rubber_Blue_01_D.uasset" 1359
"E:/Unreal Projects/UnderSeaRepo/Content/Characters/Mannequin_UE4/Textures/T_ML_Rubber_Blue_01_D.ubulk" 1360
"E:/Unreal Projects/UnderSeaRepo/Content/Characters/Mannequin_UE4/Textures/T_ML_Rubber_Blue_01_D.uexp" 1361
"E:/Unreal Projects/UnderSeaRepo/Content/Characters/Mannequin_UE4/Materials/Layers/ML_Latex_Black.uasset" 1362
"E:/Unreal Projects/UnderSeaRepo/Content/Characters/Mannequin_UE4/Materials/Layers/ML_Latex_Black.uexp" 1363
"E:/Unreal Projects/UnderSeaRepo/Content/Characters/Mannequin_UE4/Materials/M_MannequinUE4_Body.uasset" 1364
"E:/Unreal Projects/UnderSeaRepo/Content/Characters/Mannequin_UE4/Materials/M_MannequinUE4_Body.uexp" 1365
"E:/Unreal Projects/UnderSeaRepo/Content/Characters/Mannequin_UE4/Materials/M_MannequinUE4_ChestLogo.uasset" 1366
"E:/Unreal Projects/UnderSeaRepo/Content/Characters/Mannequin_UE4/Materials/M_MannequinUE4_ChestLogo.uexp" 1367
"E:/Unreal Projects/UnderSeaRepo/Content/Characters/Mannequin_UE4/Meshes/SK_Mannequin_PhysicsAsset.uasset" 1368
"E:/Unreal Projects/UnderSeaRepo/Content/Characters/Mannequin_UE4/Meshes/SK_Mannequin_PhysicsAsset.uexp" 1369
"E:/Unreal Projects/UnderSeaRepo/Content/Characters/Mannequin_UE4/Meshes/SK_Mannequin_Skeleton.uasset" 1370
"E:/Unreal Projects/UnderSeaRepo/Content/Characters/Mannequin_UE4/Meshes/SK_Mannequin_Skeleton.uexp" 1371
"E:/Unreal Projects/UnderSeaRepo/Content/Characters/Mannequin_UE4/Meshes/SK_Mannequin.uasset" 1372
"E:/Unreal Projects/UnderSeaRepo/Content/Characters/Mannequin_UE4/Meshes/SK_Mannequin.uexp" 1373
"../../../Engine/Content/Animation/DefaultAnimCurveCompressionSettings.uasset" 1374
"../../../Engine/Content/Animation/DefaultAnimCurveCompressionSettings.uexp" 1375
"../../../Engine/Content/Animation/DefaultAnimBoneCompressionSettings.uasset" 1376
"../../../Engine/Content/Animation/DefaultAnimBoneCompressionSettings.uexp" 1377
"E:/Unreal Projects/UnderSeaRepo/Content/Characters/Mannequin_UE4/Animations/Jog_Fwd.uasset" 1378
"E:/Unreal Projects/UnderSeaRepo/Content/Characters/Mannequin_UE4/Animations/Jog_Fwd.uexp" 1379
"E:/Unreal Projects/UnderSeaRepo/Content/Characters/Mannequins/Rigs/RTG_Mannequin.uasset" 1380
"E:/Unreal Projects/UnderSeaRepo/Content/Characters/Mannequins/Rigs/RTG_Mannequin.uexp" 1381
"E:/Unreal Projects/UnderSeaRepo/Content/Characters/Mannequins/Rigs/IK_Mannequin.uasset" 1382
"E:/Unreal Projects/UnderSeaRepo/Content/Characters/Mannequins/Rigs/IK_Mannequin.uexp" 1383
"../../../Engine/Plugins/Animation/ControlRig/Content/Controls/DefaultGizmoLibraryNormalized.uasset" 1384
"../../../Engine/Plugins/Animation/ControlRig/Content/Controls/DefaultGizmoLibraryNormalized.uexp" 1385
"E:/Unreal Projects/UnderSeaRepo/Content/Characters/Mannequins/Rigs/CR_Mannequin_Body.uasset" 1386
"E:/Unreal Projects/UnderSeaRepo/Content/Characters/Mannequins/Rigs/CR_Mannequin_Body.uexp" 1387
"E:/Unreal Projects/UnderSeaRepo/Content/Characters/Mannequins/Meshes/SK_Mannequin.uasset" 1388
"E:/Unreal Projects/UnderSeaRepo/Content/Characters/Mannequins/Meshes/SK_Mannequin.uexp" 1389
"E:/Unreal Projects/UnderSeaRepo/Content/Characters/Mannequins/Textures/Quinn/T_Quinn_02ID_MSR_MSK.uasset" 1390
"E:/Unreal Projects/UnderSeaRepo/Content/Characters/Mannequins/Textures/Quinn/T_Quinn_02ID_MSR_MSK.ubulk" 1391
"E:/Unreal Projects/UnderSeaRepo/Content/Characters/Mannequins/Textures/Quinn/T_Quinn_02ID_MSR_MSK.uexp" 1392
"E:/Unreal Projects/UnderSeaRepo/Content/Characters/Mannequins/Textures/Quinn/T_Quinn_02ID_BN.uasset" 1393
"E:/Unreal Projects/UnderSeaRepo/Content/Characters/Mannequins/Textures/Quinn/T_Quinn_02ID_BN.ubulk" 1394
"E:/Unreal Projects/UnderSeaRepo/Content/Characters/Mannequins/Textures/Quinn/T_Quinn_02ID_BN.uexp" 1395
"E:/Unreal Projects/UnderSeaRepo/Content/Characters/Mannequins/Textures/Quinn/T_Quinn_02_ASAOMASK_MSK.uasset" 1396
"E:/Unreal Projects/UnderSeaRepo/Content/Characters/Mannequins/Textures/Quinn/T_Quinn_02_ASAOMASK_MSK.ubulk" 1397
"E:/Unreal Projects/UnderSeaRepo/Content/Characters/Mannequins/Textures/Quinn/T_Quinn_02_ASAOMASK_MSK.uexp" 1398
"E:/Unreal Projects/UnderSeaRepo/Content/Characters/Mannequins/Textures/Quinn/T_Quinn_02_CCRCCPlastic_MSK.uasset" 1399
"E:/Unreal Projects/UnderSeaRepo/Content/Characters/Mannequins/Textures/Quinn/T_Quinn_02_CCRCCPlastic_MSK.ubulk" 1400
"E:/Unreal Projects/UnderSeaRepo/Content/Characters/Mannequins/Textures/Quinn/T_Quinn_02_CCRCCPlastic_MSK.uexp" 1401
"E:/Unreal Projects/UnderSeaRepo/Content/Characters/Mannequins/Textures/Quinn/T_Quinn_02ID_Tan.uasset" 1402
"E:/Unreal Projects/UnderSeaRepo/Content/Characters/Mannequins/Textures/Quinn/T_Quinn_02ID_Tan.ubulk" 1403
"E:/Unreal Projects/UnderSeaRepo/Content/Characters/Mannequins/Textures/Quinn/T_Quinn_02ID_Tan.uexp" 1404
"E:/Unreal Projects/UnderSeaRepo/Content/Characters/Mannequins/Textures/Quinn/T_Quinn_02ID_D.uasset" 1405
"E:/Unreal Projects/UnderSeaRepo/Content/Characters/Mannequins/Textures/Quinn/T_Quinn_02ID_D.ubulk" 1406
"E:/Unreal Projects/UnderSeaRepo/Content/Characters/Mannequins/Textures/Quinn/T_Quinn_02ID_D.uexp" 1407
"E:/Unreal Projects/UnderSeaRepo/Content/Characters/Mannequins/Textures/Quinn/T_Quinn_01ID_MSR_MSK.uasset" 1408
"E:/Unreal Projects/UnderSeaRepo/Content/Characters/Mannequins/Textures/Quinn/T_Quinn_01ID_MSR_MSK.ubulk" 1409
"E:/Unreal Projects/UnderSeaRepo/Content/Characters/Mannequins/Textures/Quinn/T_Quinn_01ID_MSR_MSK.uexp" 1410
"E:/Unreal Projects/UnderSeaRepo/Content/Characters/Mannequins/Materials/Functions/ChromaticCurve.uasset" 1411
"E:/Unreal Projects/UnderSeaRepo/Content/Characters/Mannequins/Materials/Functions/ChromaticCurve.uexp" 1412
"E:/Unreal Projects/UnderSeaRepo/Content/Characters/Mannequins/Materials/Functions/CA_Mannequin.uasset" 1413
"E:/Unreal Projects/UnderSeaRepo/Content/Characters/Mannequins/Materials/Functions/CA_Mannequin.uexp" 1414
"E:/Unreal Projects/UnderSeaRepo/Content/Characters/Mannequins/Materials/Functions/MF_Diffraction.uasset" 1415
"E:/Unreal Projects/UnderSeaRepo/Content/Characters/Mannequins/Materials/Functions/MF_Diffraction.uexp" 1416
"E:/Unreal Projects/UnderSeaRepo/Content/Characters/Mannequins/Textures/Manny/T_Manny_01_N.uasset" 1417
"E:/Unreal Projects/UnderSeaRepo/Content/Characters/Mannequins/Textures/Manny/T_Manny_01_N.ubulk" 1418
"E:/Unreal Projects/UnderSeaRepo/Content/Characters/Mannequins/Textures/Manny/T_Manny_01_N.uexp" 1419
"E:/Unreal Projects/UnderSeaRepo/Content/Characters/Mannequins/Materials/Functions/ML_BaseColorFallOff.uasset" 1420
"E:/Unreal Projects/UnderSeaRepo/Content/Characters/Mannequins/Materials/Functions/ML_BaseColorFallOff.uexp" 1421
"../../../Engine/Content/Functions/Engine_MaterialFunctions01/Texturing/ScaleUVsByCenter.uasset" 1422
"../../../Engine/Content/Functions/Engine_MaterialFunctions01/Texturing/ScaleUVsByCenter.uexp" 1423
"E:/Unreal Projects/UnderSeaRepo/Content/Characters/Mannequins/Textures/Shared/T_UE_Logo_M.uasset" 1424
"E:/Unreal Projects/UnderSeaRepo/Content/Characters/Mannequins/Textures/Shared/T_UE_Logo_M.uexp" 1425
"E:/Unreal Projects/UnderSeaRepo/Content/Characters/Mannequins/Materials/Functions/MF_logo3layers.uasset" 1426
"E:/Unreal Projects/UnderSeaRepo/Content/Characters/Mannequins/Materials/Functions/MF_logo3layers.uexp" 1427
"E:/Unreal Projects/UnderSeaRepo/Content/Characters/Mannequins/Textures/Manny/T_Manny_01_CCRCCPlastic_MSK.uasset" 1428
"E:/Unreal Projects/UnderSeaRepo/Content/Characters/Mannequins/Textures/Manny/T_Manny_01_CCRCCPlastic_MSK.ubulk" 1429
"E:/Unreal Projects/UnderSeaRepo/Content/Characters/Mannequins/Textures/Manny/T_Manny_01_CCRCCPlastic_MSK.uexp" 1430
"E:/Unreal Projects/UnderSeaRepo/Content/Characters/Mannequins/Textures/Manny/T_Manny_01_ASAOPMASK_MSK.uasset" 1431
"E:/Unreal Projects/UnderSeaRepo/Content/Characters/Mannequins/Textures/Manny/T_Manny_01_ASAOPMASK_MSK.ubulk" 1432
"E:/Unreal Projects/UnderSeaRepo/Content/Characters/Mannequins/Textures/Manny/T_Manny_01_ASAOPMASK_MSK.uexp" 1433
"E:/Unreal Projects/UnderSeaRepo/Content/Characters/Mannequins/Textures/Manny/T_Manny_01_MSR_MSK.uasset" 1434
"E:/Unreal Projects/UnderSeaRepo/Content/Characters/Mannequins/Textures/Manny/T_Manny_01_MSR_MSK.ubulk" 1435
"E:/Unreal Projects/UnderSeaRepo/Content/Characters/Mannequins/Textures/Manny/T_Manny_01_MSR_MSK.uexp" 1436
"E:/Unreal Projects/UnderSeaRepo/Content/Characters/Mannequins/Textures/Manny/T_Manny_01_BN.uasset" 1437
"E:/Unreal Projects/UnderSeaRepo/Content/Characters/Mannequins/Textures/Manny/T_Manny_01_BN.ubulk" 1438
"E:/Unreal Projects/UnderSeaRepo/Content/Characters/Mannequins/Textures/Manny/T_Manny_01_BN.uexp" 1439
"E:/Unreal Projects/UnderSeaRepo/Content/Characters/Mannequins/Textures/Manny/T_Manny_01_D.uasset" 1440
"E:/Unreal Projects/UnderSeaRepo/Content/Characters/Mannequins/Textures/Manny/T_Manny_01_D.ubulk" 1441
"E:/Unreal Projects/UnderSeaRepo/Content/Characters/Mannequins/Textures/Manny/T_Manny_01_D.uexp" 1442
"E:/Unreal Projects/UnderSeaRepo/Content/Characters/Mannequins/Textures/Manny/T_Manny_01_Tan.uasset" 1443
"E:/Unreal Projects/UnderSeaRepo/Content/Characters/Mannequins/Textures/Manny/T_Manny_01_Tan.ubulk" 1444
"E:/Unreal Projects/UnderSeaRepo/Content/Characters/Mannequins/Textures/Manny/T_Manny_01_Tan.uexp" 1445
"E:/Unreal Projects/UnderSeaRepo/Content/Characters/Mannequins/Materials/M_Mannequin.uasset" 1446
"E:/Unreal Projects/UnderSeaRepo/Content/Characters/Mannequins/Materials/M_Mannequin.uexp" 1447
"E:/Unreal Projects/UnderSeaRepo/Content/Characters/Mannequins/Textures/Quinn/T_Quinn_01_ASAOMASK_MSK.uasset" 1448
"E:/Unreal Projects/UnderSeaRepo/Content/Characters/Mannequins/Textures/Quinn/T_Quinn_01_ASAOMASK_MSK.ubulk" 1449
"E:/Unreal Projects/UnderSeaRepo/Content/Characters/Mannequins/Textures/Quinn/T_Quinn_01_ASAOMASK_MSK.uexp" 1450
"E:/Unreal Projects/UnderSeaRepo/Content/Characters/Mannequins/Textures/Quinn/T_Quinn_01ID_N.uasset" 1451
"E:/Unreal Projects/UnderSeaRepo/Content/Characters/Mannequins/Textures/Quinn/T_Quinn_01ID_N.ubulk" 1452
"E:/Unreal Projects/UnderSeaRepo/Content/Characters/Mannequins/Textures/Quinn/T_Quinn_01ID_N.uexp" 1453
"E:/Unreal Projects/UnderSeaRepo/Content/Characters/Mannequins/Textures/Quinn/T_Quinn_01ID_BN.uasset" 1454
"E:/Unreal Projects/UnderSeaRepo/Content/Characters/Mannequins/Textures/Quinn/T_Quinn_01ID_BN.ubulk" 1455
"E:/Unreal Projects/UnderSeaRepo/Content/Characters/Mannequins/Textures/Quinn/T_Quinn_01ID_BN.uexp" 1456
"E:/Unreal Projects/UnderSeaRepo/Content/Characters/Mannequins/Textures/Quinn/T_Quinn_01ID_D.uasset" 1457
"E:/Unreal Projects/UnderSeaRepo/Content/Characters/Mannequins/Textures/Quinn/T_Quinn_01ID_D.ubulk" 1458
"E:/Unreal Projects/UnderSeaRepo/Content/Characters/Mannequins/Textures/Quinn/T_Quinn_01ID_D.uexp" 1459
"E:/Unreal Projects/UnderSeaRepo/Content/Characters/Mannequins/Textures/Quinn/T_Quinn_01ID_Tan.uasset" 1460
"E:/Unreal Projects/UnderSeaRepo/Content/Characters/Mannequins/Textures/Quinn/T_Quinn_01ID_Tan.ubulk" 1461
"E:/Unreal Projects/UnderSeaRepo/Content/Characters/Mannequins/Textures/Quinn/T_Quinn_01ID_Tan.uexp" 1462
"E:/Unreal Projects/UnderSeaRepo/Content/Characters/Mannequins/Textures/Quinn/T_Quinn_01_CCRCCPlastic_MSK.uasset" 1463
"E:/Unreal Projects/UnderSeaRepo/Content/Characters/Mannequins/Textures/Quinn/T_Quinn_01_CCRCCPlastic_MSK.ubulk" 1464
"E:/Unreal Projects/UnderSeaRepo/Content/Characters/Mannequins/Textures/Quinn/T_Quinn_01_CCRCCPlastic_MSK.uexp" 1465
"E:/Unreal Projects/UnderSeaRepo/Content/Characters/Mannequins/Materials/Instances/Quinn/MI_Quinn_01.uasset" 1466
"E:/Unreal Projects/UnderSeaRepo/Content/Characters/Mannequins/Materials/Instances/Quinn/MI_Quinn_01.uexp" 1467
"E:/Unreal Projects/UnderSeaRepo/Content/Characters/Mannequins/Textures/Quinn/T_Quinn_02ID_N.uasset" 1468
"E:/Unreal Projects/UnderSeaRepo/Content/Characters/Mannequins/Textures/Quinn/T_Quinn_02ID_N.ubulk" 1469
"E:/Unreal Projects/UnderSeaRepo/Content/Characters/Mannequins/Textures/Quinn/T_Quinn_02ID_N.uexp" 1470
"E:/Unreal Projects/UnderSeaRepo/Content/Characters/Mannequins/Materials/Instances/Quinn/MI_Quinn_02.uasset" 1471
"E:/Unreal Projects/UnderSeaRepo/Content/Characters/Mannequins/Materials/Instances/Quinn/MI_Quinn_02.uexp" 1472
"E:/Unreal Projects/UnderSeaRepo/Content/Characters/Mannequins/Rigs/PA_Mannequin.uasset" 1473
"E:/Unreal Projects/UnderSeaRepo/Content/Characters/Mannequins/Rigs/PA_Mannequin.uexp" 1474
"E:/Unreal Projects/UnderSeaRepo/Content/Characters/Mannequins/Meshes/SKM_Quinn_Simple.uasset" 1475
"E:/Unreal Projects/UnderSeaRepo/Content/Characters/Mannequins/Meshes/SKM_Quinn_Simple.uexp" 1476
"E:/Unreal Projects/UnderSeaRepo/Content/Characters/Mannequins/Rigs/Poses/Quinn/Quinn_foot_l_anim.uasset" 1477
"E:/Unreal Projects/UnderSeaRepo/Content/Characters/Mannequins/Rigs/Poses/Quinn/Quinn_foot_l_anim.uexp" 1478
"E:/Unreal Projects/UnderSeaRepo/Content/Characters/Mannequins/Rigs/Poses/Quinn/Quinn_foot_l_pose.uasset" 1479
"E:/Unreal Projects/UnderSeaRepo/Content/Characters/Mannequins/Rigs/Poses/Quinn/Quinn_foot_l_pose.uexp" 1480
"E:/Unreal Projects/UnderSeaRepo/Content/Characters/Mannequins/Rigs/Poses/Quinn/Quinn_clavicle_l_anim.uasset" 1481
"E:/Unreal Projects/UnderSeaRepo/Content/Characters/Mannequins/Rigs/Poses/Quinn/Quinn_clavicle_l_anim.uexp" 1482
"E:/Unreal Projects/UnderSeaRepo/Content/Characters/Mannequins/Rigs/Poses/Quinn/Quinn_clavicle_l_pose.uasset" 1483
"E:/Unreal Projects/UnderSeaRepo/Content/Characters/Mannequins/Rigs/Poses/Quinn/Quinn_clavicle_l_pose.uexp" 1484
"E:/Unreal Projects/UnderSeaRepo/Content/Characters/Mannequins/Rigs/Poses/Quinn/Quinn_clavicle_r_anim.uasset" 1485
"E:/Unreal Projects/UnderSeaRepo/Content/Characters/Mannequins/Rigs/Poses/Quinn/Quinn_clavicle_r_anim.uexp" 1486
"E:/Unreal Projects/UnderSeaRepo/Content/Characters/Mannequins/Rigs/Poses/Quinn/Quinn_clavicle_r_pose.uasset" 1487
"E:/Unreal Projects/UnderSeaRepo/Content/Characters/Mannequins/Rigs/Poses/Quinn/Quinn_clavicle_r_pose.uexp" 1488
"E:/Unreal Projects/UnderSeaRepo/Content/Characters/Mannequins/Rigs/Poses/Quinn/Quinn_upperarm_l_anim.uasset" 1489
"E:/Unreal Projects/UnderSeaRepo/Content/Characters/Mannequins/Rigs/Poses/Quinn/Quinn_upperarm_l_anim.uexp" 1490
"E:/Unreal Projects/UnderSeaRepo/Content/Characters/Mannequins/Rigs/Poses/Quinn/Quinn_upperarm_l_pose.uasset" 1491
"E:/Unreal Projects/UnderSeaRepo/Content/Characters/Mannequins/Rigs/Poses/Quinn/Quinn_upperarm_l_pose.uexp" 1492
"E:/Unreal Projects/UnderSeaRepo/Content/Characters/Mannequins/Rigs/Poses/Quinn/Quinn_lowerarm_l_anim.uasset" 1493
"E:/Unreal Projects/UnderSeaRepo/Content/Characters/Mannequins/Rigs/Poses/Quinn/Quinn_lowerarm_l_anim.uexp" 1494
"E:/Unreal Projects/UnderSeaRepo/Content/Characters/Mannequins/Rigs/Poses/Quinn/Quinn_lowerarm_l_pose.uasset" 1495
"E:/Unreal Projects/UnderSeaRepo/Content/Characters/Mannequins/Rigs/Poses/Quinn/Quinn_lowerarm_l_pose.uexp" 1496
"E:/Unreal Projects/UnderSeaRepo/Content/Characters/Mannequins/Rigs/Poses/Quinn/Quinn_calf_l_anim.uasset" 1497
"E:/Unreal Projects/UnderSeaRepo/Content/Characters/Mannequins/Rigs/Poses/Quinn/Quinn_calf_l_anim.uexp" 1498
"E:/Unreal Projects/UnderSeaRepo/Content/Characters/Mannequins/Rigs/Poses/Quinn/Quinn_calf_l_pose.uasset" 1499
"E:/Unreal Projects/UnderSeaRepo/Content/Characters/Mannequins/Rigs/Poses/Quinn/Quinn_calf_l_pose.uexp" 1500
"../../../Engine/Plugins/Animation/ControlRig/Content/Controls/DefaultGizmoLibrary.uasset" 1501
"../../../Engine/Plugins/Animation/ControlRig/Content/Controls/DefaultGizmoLibrary.uexp" 1502
"E:/Unreal Projects/UnderSeaRepo/Content/Characters/Mannequins/Rigs/CR_Mannequin_Procedural.uasset" 1503
"E:/Unreal Projects/UnderSeaRepo/Content/Characters/Mannequins/Rigs/CR_Mannequin_Procedural.uexp" 1504
"E:/Unreal Projects/UnderSeaRepo/Content/Characters/Mannequins/Rigs/Poses/Quinn/Quinn_upperarm_r_anim.uasset" 1505
"E:/Unreal Projects/UnderSeaRepo/Content/Characters/Mannequins/Rigs/Poses/Quinn/Quinn_upperarm_r_anim.uexp" 1506
"E:/Unreal Projects/UnderSeaRepo/Content/Characters/Mannequins/Rigs/Poses/Quinn/Quinn_upperarm_r_pose.uasset" 1507
"E:/Unreal Projects/UnderSeaRepo/Content/Characters/Mannequins/Rigs/Poses/Quinn/Quinn_upperarm_r_pose.uexp" 1508
"E:/Unreal Projects/UnderSeaRepo/Content/Characters/Mannequins/Rigs/Poses/Quinn/Quinn_calf_r_anim.uasset" 1509
"E:/Unreal Projects/UnderSeaRepo/Content/Characters/Mannequins/Rigs/Poses/Quinn/Quinn_calf_r_anim.uexp" 1510
"E:/Unreal Projects/UnderSeaRepo/Content/Characters/Mannequins/Rigs/Poses/Quinn/Quinn_calf_r_pose.uasset" 1511
"E:/Unreal Projects/UnderSeaRepo/Content/Characters/Mannequins/Rigs/Poses/Quinn/Quinn_calf_r_pose.uexp" 1512
"E:/Unreal Projects/UnderSeaRepo/Content/Characters/Mannequins/Rigs/Poses/Quinn/Quinn_foot_r_anim.uasset" 1513
"E:/Unreal Projects/UnderSeaRepo/Content/Characters/Mannequins/Rigs/Poses/Quinn/Quinn_foot_r_anim.uexp" 1514
"E:/Unreal Projects/UnderSeaRepo/Content/Characters/Mannequins/Rigs/Poses/Quinn/Quinn_foot_r_pose.uasset" 1515
"E:/Unreal Projects/UnderSeaRepo/Content/Characters/Mannequins/Rigs/Poses/Quinn/Quinn_foot_r_pose.uexp" 1516
"E:/Unreal Projects/UnderSeaRepo/Content/Characters/Mannequins/Rigs/Poses/Quinn/Quinn_lowerarm_r_anim.uasset" 1517
"E:/Unreal Projects/UnderSeaRepo/Content/Characters/Mannequins/Rigs/Poses/Quinn/Quinn_lowerarm_r_anim.uexp" 1518
"E:/Unreal Projects/UnderSeaRepo/Content/Characters/Mannequins/Rigs/Poses/Quinn/Quinn_lowerarm_r_pose.uasset" 1519
"E:/Unreal Projects/UnderSeaRepo/Content/Characters/Mannequins/Rigs/Poses/Quinn/Quinn_lowerarm_r_pose.uexp" 1520
"E:/Unreal Projects/UnderSeaRepo/Content/Characters/Mannequins/Rigs/Poses/Quinn/Quinn_thigh_l_anim.uasset" 1521
"E:/Unreal Projects/UnderSeaRepo/Content/Characters/Mannequins/Rigs/Poses/Quinn/Quinn_thigh_l_anim.uexp" 1522
"E:/Unreal Projects/UnderSeaRepo/Content/Characters/Mannequins/Rigs/Poses/Quinn/Quinn_thigh_l_pose.uasset" 1523
"E:/Unreal Projects/UnderSeaRepo/Content/Characters/Mannequins/Rigs/Poses/Quinn/Quinn_thigh_l_pose.uexp" 1524
"E:/Unreal Projects/UnderSeaRepo/Content/Characters/Mannequins/Rigs/Poses/Quinn/Quinn_thigh_r_anim.uasset" 1525
"E:/Unreal Projects/UnderSeaRepo/Content/Characters/Mannequins/Rigs/Poses/Quinn/Quinn_thigh_r_anim.uexp" 1526
"E:/Unreal Projects/UnderSeaRepo/Content/Characters/Mannequins/Rigs/Poses/Quinn/Quinn_thigh_r_pose.uasset" 1527
"E:/Unreal Projects/UnderSeaRepo/Content/Characters/Mannequins/Rigs/Poses/Quinn/Quinn_thigh_r_pose.uexp" 1528
"E:/Unreal Projects/UnderSeaRepo/Content/Characters/Mannequins/Rigs/Poses/Quinn/Quinn_hand_l_anim.uasset" 1529
"E:/Unreal Projects/UnderSeaRepo/Content/Characters/Mannequins/Rigs/Poses/Quinn/Quinn_hand_l_anim.uexp" 1530
"E:/Unreal Projects/UnderSeaRepo/Content/Characters/Mannequins/Rigs/Poses/Quinn/Quinn_hand_l_pose.uasset" 1531
"E:/Unreal Projects/UnderSeaRepo/Content/Characters/Mannequins/Rigs/Poses/Quinn/Quinn_hand_l_pose.uexp" 1532
"E:/Unreal Projects/UnderSeaRepo/Content/Characters/Mannequins/Rigs/Poses/Quinn/Quinn_hand_r_anim.uasset" 1533
"E:/Unreal Projects/UnderSeaRepo/Content/Characters/Mannequins/Rigs/Poses/Quinn/Quinn_hand_r_anim.uexp" 1534
"E:/Unreal Projects/UnderSeaRepo/Content/Characters/Mannequins/Rigs/Poses/Quinn/Quinn_hand_r_pose.uasset" 1535
"E:/Unreal Projects/UnderSeaRepo/Content/Characters/Mannequins/Rigs/Poses/Quinn/Quinn_hand_r_pose.uexp" 1536
"E:/Unreal Projects/UnderSeaRepo/Content/Characters/Mannequins/Rigs/ABP_Quinn_PostProcess.uasset" 1537
"E:/Unreal Projects/UnderSeaRepo/Content/Characters/Mannequins/Rigs/ABP_Quinn_PostProcess.uexp" 1538
"E:/Unreal Projects/UnderSeaRepo/Content/Characters/Mannequins/Meshes/SKM_Quinn.uasset" 1539
"E:/Unreal Projects/UnderSeaRepo/Content/Characters/Mannequins/Meshes/SKM_Quinn.uexp" 1540
"E:/Unreal Projects/UnderSeaRepo/Content/Characters/Mannequins/Textures/Manny/T_Manny_02_MSR_MSK.uasset" 1541
"E:/Unreal Projects/UnderSeaRepo/Content/Characters/Mannequins/Textures/Manny/T_Manny_02_MSR_MSK.ubulk" 1542
"E:/Unreal Projects/UnderSeaRepo/Content/Characters/Mannequins/Textures/Manny/T_Manny_02_MSR_MSK.uexp" 1543
"E:/Unreal Projects/UnderSeaRepo/Content/Characters/Mannequins/Textures/Manny/T_Manny_02_CCRCCPlastic_MSK.uasset" 1544
"E:/Unreal Projects/UnderSeaRepo/Content/Characters/Mannequins/Textures/Manny/T_Manny_02_CCRCCPlastic_MSK.ubulk" 1545
"E:/Unreal Projects/UnderSeaRepo/Content/Characters/Mannequins/Textures/Manny/T_Manny_02_CCRCCPlastic_MSK.uexp" 1546
"E:/Unreal Projects/UnderSeaRepo/Content/Characters/Mannequins/Textures/Manny/T_Manny_02_Tan.uasset" 1547
"E:/Unreal Projects/UnderSeaRepo/Content/Characters/Mannequins/Textures/Manny/T_Manny_02_Tan.ubulk" 1548
"E:/Unreal Projects/UnderSeaRepo/Content/Characters/Mannequins/Textures/Manny/T_Manny_02_Tan.uexp" 1549
"E:/Unreal Projects/UnderSeaRepo/Content/Characters/Mannequins/Textures/Manny/T_Manny_02_N.uasset" 1550
"E:/Unreal Projects/UnderSeaRepo/Content/Characters/Mannequins/Textures/Manny/T_Manny_02_N.ubulk" 1551
"E:/Unreal Projects/UnderSeaRepo/Content/Characters/Mannequins/Textures/Manny/T_Manny_02_N.uexp" 1552
"E:/Unreal Projects/UnderSeaRepo/Content/Characters/Mannequins/Materials/Instances/Manny/MI_Manny_01.uasset" 1553
"E:/Unreal Projects/UnderSeaRepo/Content/Characters/Mannequins/Materials/Instances/Manny/MI_Manny_01.uexp" 1554
"E:/Unreal Projects/UnderSeaRepo/Content/Characters/Mannequins/Textures/Manny/T_Manny_02_BN.uasset" 1555
"E:/Unreal Projects/UnderSeaRepo/Content/Characters/Mannequins/Textures/Manny/T_Manny_02_BN.ubulk" 1556
"E:/Unreal Projects/UnderSeaRepo/Content/Characters/Mannequins/Textures/Manny/T_Manny_02_BN.uexp" 1557
"E:/Unreal Projects/UnderSeaRepo/Content/Characters/Mannequins/Textures/Manny/T_Manny_02_ASAOPMASK_MSK.uasset" 1558
"E:/Unreal Projects/UnderSeaRepo/Content/Characters/Mannequins/Textures/Manny/T_Manny_02_ASAOPMASK_MSK.ubulk" 1559
"E:/Unreal Projects/UnderSeaRepo/Content/Characters/Mannequins/Textures/Manny/T_Manny_02_ASAOPMASK_MSK.uexp" 1560
"E:/Unreal Projects/UnderSeaRepo/Content/Characters/Mannequins/Textures/Manny/T_Manny_02_D.uasset" 1561
"E:/Unreal Projects/UnderSeaRepo/Content/Characters/Mannequins/Textures/Manny/T_Manny_02_D.ubulk" 1562
"E:/Unreal Projects/UnderSeaRepo/Content/Characters/Mannequins/Textures/Manny/T_Manny_02_D.uexp" 1563
"E:/Unreal Projects/UnderSeaRepo/Content/Characters/Mannequins/Materials/Instances/Manny/MI_Manny_02.uasset" 1564
"E:/Unreal Projects/UnderSeaRepo/Content/Characters/Mannequins/Materials/Instances/Manny/MI_Manny_02.uexp" 1565
"E:/Unreal Projects/UnderSeaRepo/Content/Characters/Mannequins/Meshes/SKM_Manny_Simple.uasset" 1566
"E:/Unreal Projects/UnderSeaRepo/Content/Characters/Mannequins/Meshes/SKM_Manny_Simple.uexp" 1567
"E:/Unreal Projects/UnderSeaRepo/Content/Characters/Mannequins/Rigs/Poses/Manny/Manny_foot_l_anim.uasset" 1568
"E:/Unreal Projects/UnderSeaRepo/Content/Characters/Mannequins/Rigs/Poses/Manny/Manny_foot_l_anim.uexp" 1569
"E:/Unreal Projects/UnderSeaRepo/Content/Characters/Mannequins/Rigs/Poses/Manny/Manny_foot_l_pose.uasset" 1570
"E:/Unreal Projects/UnderSeaRepo/Content/Characters/Mannequins/Rigs/Poses/Manny/Manny_foot_l_pose.uexp" 1571
"E:/Unreal Projects/UnderSeaRepo/Content/Characters/Mannequins/Rigs/Poses/Manny/Manny_thigh_r_anim.uasset" 1572
"E:/Unreal Projects/UnderSeaRepo/Content/Characters/Mannequins/Rigs/Poses/Manny/Manny_thigh_r_anim.uexp" 1573
"E:/Unreal Projects/UnderSeaRepo/Content/Characters/Mannequins/Rigs/Poses/Manny/Manny_thigh_r_pose.uasset" 1574
"E:/Unreal Projects/UnderSeaRepo/Content/Characters/Mannequins/Rigs/Poses/Manny/Manny_thigh_r_pose.uexp" 1575
"E:/Unreal Projects/UnderSeaRepo/Content/Characters/Mannequins/Rigs/Poses/Manny/Manny_hand_r_anim.uasset" 1576
"E:/Unreal Projects/UnderSeaRepo/Content/Characters/Mannequins/Rigs/Poses/Manny/Manny_hand_r_anim.uexp" 1577
"E:/Unreal Projects/UnderSeaRepo/Content/Characters/Mannequins/Rigs/Poses/Manny/Manny_hand_r_pose.uasset" 1578
"E:/Unreal Projects/UnderSeaRepo/Content/Characters/Mannequins/Rigs/Poses/Manny/Manny_hand_r_pose.uexp" 1579
"E:/Unreal Projects/UnderSeaRepo/Content/Characters/Mannequins/Rigs/Poses/Manny/Manny_clavicle_l_anim.uasset" 1580
"E:/Unreal Projects/UnderSeaRepo/Content/Characters/Mannequins/Rigs/Poses/Manny/Manny_clavicle_l_anim.uexp" 1581
"E:/Unreal Projects/UnderSeaRepo/Content/Characters/Mannequins/Rigs/Poses/Manny/Manny_clavicle_l_pose.uasset" 1582
"E:/Unreal Projects/UnderSeaRepo/Content/Characters/Mannequins/Rigs/Poses/Manny/Manny_clavicle_l_pose.uexp" 1583
"E:/Unreal Projects/UnderSeaRepo/Content/Characters/Mannequins/Rigs/Poses/Manny/Manny_calf_l_anim.uasset" 1584
"E:/Unreal Projects/UnderSeaRepo/Content/Characters/Mannequins/Rigs/Poses/Manny/Manny_calf_l_anim.uexp" 1585
"E:/Unreal Projects/UnderSeaRepo/Content/Characters/Mannequins/Rigs/Poses/Manny/Manny_calf_l_pose.uasset" 1586
"E:/Unreal Projects/UnderSeaRepo/Content/Characters/Mannequins/Rigs/Poses/Manny/Manny_calf_l_pose.uexp" 1587
"E:/Unreal Projects/UnderSeaRepo/Content/Characters/Mannequins/Rigs/Poses/Manny/Manny_hand_l_anim.uasset" 1588
"E:/Unreal Projects/UnderSeaRepo/Content/Characters/Mannequins/Rigs/Poses/Manny/Manny_hand_l_anim.uexp" 1589
"E:/Unreal Projects/UnderSeaRepo/Content/Characters/Mannequins/Rigs/Poses/Manny/Manny_hand_l_pose.uasset" 1590
"E:/Unreal Projects/UnderSeaRepo/Content/Characters/Mannequins/Rigs/Poses/Manny/Manny_hand_l_pose.uexp" 1591
"E:/Unreal Projects/UnderSeaRepo/Content/Characters/Mannequins/Rigs/Poses/Manny/Manny_upperarm_r_anim.uasset" 1592
"E:/Unreal Projects/UnderSeaRepo/Content/Characters/Mannequins/Rigs/Poses/Manny/Manny_upperarm_r_anim.uexp" 1593
"E:/Unreal Projects/UnderSeaRepo/Content/Characters/Mannequins/Rigs/Poses/Manny/Manny_upperarm_r_pose.uasset" 1594
"E:/Unreal Projects/UnderSeaRepo/Content/Characters/Mannequins/Rigs/Poses/Manny/Manny_upperarm_r_pose.uexp" 1595
"E:/Unreal Projects/UnderSeaRepo/Content/Characters/Mannequins/Rigs/Poses/Manny/Manny_lowerarm_r_anim.uasset" 1596
"E:/Unreal Projects/UnderSeaRepo/Content/Characters/Mannequins/Rigs/Poses/Manny/Manny_lowerarm_r_anim.uexp" 1597
"E:/Unreal Projects/UnderSeaRepo/Content/Characters/Mannequins/Rigs/Poses/Manny/Manny_lowerarm_r_pose.uasset" 1598
"E:/Unreal Projects/UnderSeaRepo/Content/Characters/Mannequins/Rigs/Poses/Manny/Manny_lowerarm_r_pose.uexp" 1599
"E:/Unreal Projects/UnderSeaRepo/Content/Characters/Mannequins/Rigs/Poses/Manny/Manny_calf_r_anim.uasset" 1600
"E:/Unreal Projects/UnderSeaRepo/Content/Characters/Mannequins/Rigs/Poses/Manny/Manny_calf_r_anim.uexp" 1601
"E:/Unreal Projects/UnderSeaRepo/Content/Characters/Mannequins/Rigs/Poses/Manny/Manny_calf_r_pose.uasset" 1602
"E:/Unreal Projects/UnderSeaRepo/Content/Characters/Mannequins/Rigs/Poses/Manny/Manny_calf_r_pose.uexp" 1603
"E:/Unreal Projects/UnderSeaRepo/Content/Characters/Mannequins/Rigs/Poses/Manny/Manny_foot_r_anim.uasset" 1604
"E:/Unreal Projects/UnderSeaRepo/Content/Characters/Mannequins/Rigs/Poses/Manny/Manny_foot_r_anim.uexp" 1605
"E:/Unreal Projects/UnderSeaRepo/Content/Characters/Mannequins/Rigs/Poses/Manny/Manny_foot_r_pose.uasset" 1606
"E:/Unreal Projects/UnderSeaRepo/Content/Characters/Mannequins/Rigs/Poses/Manny/Manny_foot_r_pose.uexp" 1607
"E:/Unreal Projects/UnderSeaRepo/Content/Characters/Mannequins/Rigs/Poses/Manny/Manny_lowerarm_l_anim.uasset" 1608
"E:/Unreal Projects/UnderSeaRepo/Content/Characters/Mannequins/Rigs/Poses/Manny/Manny_lowerarm_l_anim.uexp" 1609
"E:/Unreal Projects/UnderSeaRepo/Content/Characters/Mannequins/Rigs/Poses/Manny/Manny_lowerarm_l_pose.uasset" 1610
"E:/Unreal Projects/UnderSeaRepo/Content/Characters/Mannequins/Rigs/Poses/Manny/Manny_lowerarm_l_pose.uexp" 1611
"E:/Unreal Projects/UnderSeaRepo/Content/Characters/Mannequins/Rigs/Poses/Manny/Manny_clavicle_r_anim.uasset" 1612
"E:/Unreal Projects/UnderSeaRepo/Content/Characters/Mannequins/Rigs/Poses/Manny/Manny_clavicle_r_anim.uexp" 1613
"E:/Unreal Projects/UnderSeaRepo/Content/Characters/Mannequins/Rigs/Poses/Manny/Manny_clavicle_r_pose.uasset" 1614
"E:/Unreal Projects/UnderSeaRepo/Content/Characters/Mannequins/Rigs/Poses/Manny/Manny_clavicle_r_pose.uexp" 1615
"E:/Unreal Projects/UnderSeaRepo/Content/Characters/Mannequins/Rigs/Poses/Manny/Manny_thigh_l_anim.uasset" 1616
"E:/Unreal Projects/UnderSeaRepo/Content/Characters/Mannequins/Rigs/Poses/Manny/Manny_thigh_l_anim.uexp" 1617
"E:/Unreal Projects/UnderSeaRepo/Content/Characters/Mannequins/Rigs/Poses/Manny/Manny_thigh_l_pose.uasset" 1618
"E:/Unreal Projects/UnderSeaRepo/Content/Characters/Mannequins/Rigs/Poses/Manny/Manny_thigh_l_pose.uexp" 1619
"E:/Unreal Projects/UnderSeaRepo/Content/Characters/Mannequins/Rigs/Poses/Manny/Manny_upperarm_l_anim.uasset" 1620
"E:/Unreal Projects/UnderSeaRepo/Content/Characters/Mannequins/Rigs/Poses/Manny/Manny_upperarm_l_anim.uexp" 1621
"E:/Unreal Projects/UnderSeaRepo/Content/Characters/Mannequins/Rigs/Poses/Manny/Manny_upperarm_l_pose.uasset" 1622
"E:/Unreal Projects/UnderSeaRepo/Content/Characters/Mannequins/Rigs/Poses/Manny/Manny_upperarm_l_pose.uexp" 1623
"E:/Unreal Projects/UnderSeaRepo/Content/Characters/Mannequins/Rigs/ABP_Manny_PostProcess.uasset" 1624
"E:/Unreal Projects/UnderSeaRepo/Content/Characters/Mannequins/Rigs/ABP_Manny_PostProcess.uexp" 1625
"E:/Unreal Projects/UnderSeaRepo/Content/Characters/Mannequins/Meshes/SKM_Manny.uasset" 1626
"E:/Unreal Projects/UnderSeaRepo/Content/Characters/Mannequins/Meshes/SKM_Manny.uexp" 1627
"E:/Unreal Projects/UnderSeaRepo/Content/Characters/Mannequins/Meshes/Mannequin_LODSettings.uasset" 1628
"E:/Unreal Projects/UnderSeaRepo/Content/Characters/Mannequins/Meshes/Mannequin_LODSettings.uexp" 1629
"E:/Unreal Projects/UnderSeaRepo/Content/Characters/Mannequins/Animations/Quinn/MF_Run_Fwd.uasset" 1630
"E:/Unreal Projects/UnderSeaRepo/Content/Characters/Mannequins/Animations/Quinn/MF_Run_Fwd.uexp" 1631
"E:/Unreal Projects/UnderSeaRepo/Content/Characters/Mannequins/Animations/Quinn/MF_Walk_Fwd.uasset" 1632
"E:/Unreal Projects/UnderSeaRepo/Content/Characters/Mannequins/Animations/Quinn/MF_Walk_Fwd.uexp" 1633
"../../../Engine/Content/Animation/DefaultRecorderBoneCompression.uasset" 1634
"../../../Engine/Content/Animation/DefaultRecorderBoneCompression.uexp" 1635
"E:/Unreal Projects/UnderSeaRepo/Content/Characters/Mannequins/Animations/Manny/MM_Walk_InPlace.uasset" 1636
"E:/Unreal Projects/UnderSeaRepo/Content/Characters/Mannequins/Animations/Manny/MM_Walk_InPlace.uexp" 1637
"E:/Unreal Projects/UnderSeaRepo/Content/Characters/Mannequins/Animations/Quinn/BS_MF_Unarmed_WalkRun.uasset" 1638
"E:/Unreal Projects/UnderSeaRepo/Content/Characters/Mannequins/Animations/Quinn/BS_MF_Unarmed_WalkRun.uexp" 1639
"E:/Unreal Projects/UnderSeaRepo/Content/Characters/Mannequins/Animations/Quinn/MF_Idle.uasset" 1640
"E:/Unreal Projects/UnderSeaRepo/Content/Characters/Mannequins/Animations/Quinn/MF_Idle.uexp" 1641
"E:/Unreal Projects/UnderSeaRepo/Content/Characters/Mannequins/Animations/Manny/MM_Fall_Loop.uasset" 1642
"E:/Unreal Projects/UnderSeaRepo/Content/Characters/Mannequins/Animations/Manny/MM_Fall_Loop.uexp" 1643
"E:/Unreal Projects/UnderSeaRepo/Content/Characters/Mannequins/Animations/Manny/MM_Jump.uasset" 1644
"E:/Unreal Projects/UnderSeaRepo/Content/Characters/Mannequins/Animations/Manny/MM_Jump.uexp" 1645
"E:/Unreal Projects/UnderSeaRepo/Content/Characters/Mannequins/Rigs/CR_Mannequin_BasicFootIK.uasset" 1646
"E:/Unreal Projects/UnderSeaRepo/Content/Characters/Mannequins/Rigs/CR_Mannequin_BasicFootIK.uexp" 1647
"E:/Unreal Projects/UnderSeaRepo/Content/Characters/Mannequins/Animations/Manny/MM_Run_Fwd.uasset" 1648
"E:/Unreal Projects/UnderSeaRepo/Content/Characters/Mannequins/Animations/Manny/MM_Run_Fwd.uexp" 1649
"E:/Unreal Projects/UnderSeaRepo/Content/Characters/Mannequins/Animations/Manny/MM_Walk_Fwd.uasset" 1650
"E:/Unreal Projects/UnderSeaRepo/Content/Characters/Mannequins/Animations/Manny/MM_Walk_Fwd.uexp" 1651
"E:/Unreal Projects/UnderSeaRepo/Content/Characters/Mannequins/Animations/Manny/BS_MM_WalkRun.uasset" 1652
"E:/Unreal Projects/UnderSeaRepo/Content/Characters/Mannequins/Animations/Manny/BS_MM_WalkRun.uexp" 1653
"E:/Unreal Projects/UnderSeaRepo/Content/Characters/Mannequins/Animations/Manny/MM_Land.uasset" 1654
"E:/Unreal Projects/UnderSeaRepo/Content/Characters/Mannequins/Animations/Manny/MM_Land.uexp" 1655
"E:/Unreal Projects/UnderSeaRepo/Content/Characters/Mannequins/Animations/Manny/MM_Idle.uasset" 1656
"E:/Unreal Projects/UnderSeaRepo/Content/Characters/Mannequins/Animations/Manny/MM_Idle.uexp" 1657
"E:/Unreal Projects/UnderSeaRepo/Content/Characters/Mannequins/Animations/ABP_Manny.uasset" 1658
"E:/Unreal Projects/UnderSeaRepo/Content/Characters/Mannequins/Animations/ABP_Manny.uexp" 1659
"E:/Unreal Projects/UnderSeaRepo/Content/Characters/Mannequins/Animations/ABP_Quinn.uasset" 1660
"E:/Unreal Projects/UnderSeaRepo/Content/Characters/Mannequins/Animations/ABP_Quinn.uexp" 1661
"../../../Engine/Content/Functions/Engine_MaterialFunctions01/Shading/PowerToRoughness.uasset" 1662
"../../../Engine/Content/Functions/Engine_MaterialFunctions01/Shading/PowerToRoughness.uexp" 1663
"../../../Engine/Content/Functions/Engine_MaterialFunctions01/Shading/ConvertFromDiffSpec.uasset" 1664
"../../../Engine/Content/Functions/Engine_MaterialFunctions01/Shading/ConvertFromDiffSpec.uexp" 1665
"../../../Engine/Content/EngineMaterials/Substrate/Volume/SubstrateSimpleVolumeLUT3D.uasset" 1666
"../../../Engine/Content/EngineMaterials/Substrate/Volume/SubstrateSimpleVolumeLUT3D.uexp" 1667
"../../../Engine/Content/EngineMaterials/Substrate/Volume/SubstrateSimpleVolumeEnvLUT3D.uasset" 1668
"../../../Engine/Content/EngineMaterials/Substrate/Volume/SubstrateSimpleVolumeEnvLUT3D.uexp" 1669
"../../../Engine/Content/EngineMaterials/Substrate/GLints2/AGlintTex2dArray2.uasset" 1670
"../../../Engine/Content/EngineMaterials/Substrate/GLints2/AGlintTex2dArray2.uexp" 1671
"../../../Engine/Content/EngineMaterials/Substrate/GLints/AGlintTex2dArray.uasset" 1672
"../../../Engine/Content/EngineMaterials/Substrate/GLints/AGlintTex2dArray.uexp" 1673
"E:/Unreal Projects/UnderSeaRepo/Content/Characters/Mannequins/Animations/Manny/MM_T_Pose.uasset" 1674
"E:/Unreal Projects/UnderSeaRepo/Content/Characters/Mannequins/Animations/Manny/MM_T_Pose.uexp" 1675
"../../../Engine/Content/EditorResources/S_Terrain.uasset" 1676
"../../../Engine/Content/EditorResources/S_Terrain.ubulk" 1677
"../../../Engine/Content/EditorResources/S_Terrain.uexp" 1678
"../../../Engine/Content/Functions/Engine_MaterialFunctions02/WorldPositionOffset/V2/ObjectScale.uasset" 1679
"../../../Engine/Content/Functions/Engine_MaterialFunctions02/WorldPositionOffset/V2/ObjectScale.uexp" 1680
"../../../Engine/Content/Functions/Engine_MaterialFunctions02/WorldPositionOffset/ComponentPivotLocation.uasset" 1681
"../../../Engine/Content/Functions/Engine_MaterialFunctions02/WorldPositionOffset/ComponentPivotLocation.uexp" 1682
"../../../Engine/Content/Functions/Engine_MaterialFunctions02/WorldPositionOffset/Sprite.uasset" 1683
"../../../Engine/Content/Functions/Engine_MaterialFunctions02/WorldPositionOffset/Sprite.uexp" 1684
"../../../Engine/Plugins/Experimental/Landmass/Content/Landscape/BlueprintBrushes/Materials/Sprite/M_BrushSprite_01.uasset" 1685
"../../../Engine/Plugins/Experimental/Landmass/Content/Landscape/BlueprintBrushes/Materials/Sprite/M_BrushSprite_01.uexp" 1686
"../../../Engine/Plugins/Experimental/Landmass/Content/Landscape/BlueprintBrushes/MPC/MPC_Landscape.uasset" 1687
"../../../Engine/Plugins/Experimental/Landmass/Content/Landscape/BlueprintBrushes/MPC/MPC_Landscape.uexp" 1688
"../../../Engine/Plugins/Experimental/Landmass/Content/Landscape/BlueprintBrushes/MF/LandmassBrush_UVs.uasset" 1689
"../../../Engine/Plugins/Experimental/Landmass/Content/Landscape/BlueprintBrushes/MF/LandmassBrush_UVs.uexp" 1690
"../../../Engine/Plugins/Experimental/Landmass/Content/Landscape/BlueprintBrushes/MF/LandmassBrush_EdgeFalloff.uasset" 1691
"../../../Engine/Plugins/Experimental/Landmass/Content/Landscape/BlueprintBrushes/MF/LandmassBrush_EdgeFalloff.uexp" 1692
"../../../Engine/Content/EngineMaterials/BlendFunc_DefBlend.uasset" 1693
"../../../Engine/Content/EngineMaterials/BlendFunc_DefBlend.uexp" 1694
"../../../Engine/Plugins/Experimental/Landmass/Content/Landscape/BlueprintBrushes/MF/PointSampleLandscapeUVs.uasset" 1695
"../../../Engine/Plugins/Experimental/Landmass/Content/Landscape/BlueprintBrushes/MF/PointSampleLandscapeUVs.uexp" 1696
"../../../Engine/Content/EngineMaterials/BlendFunc_DefBase.uasset" 1697
"../../../Engine/Content/EngineMaterials/BlendFunc_DefBase.uexp" 1698
"../../../Engine/Content/Functions/Engine_MaterialFunctions03/Blends/Blend_Screen.uasset" 1699
"../../../Engine/Content/Functions/Engine_MaterialFunctions03/Blends/Blend_Screen.uexp" 1700
"../../../Engine/Content/Functions/Engine_MaterialFunctions03/Procedurals/ComputeFilterWidth.uasset" 1701
"../../../Engine/Content/Functions/Engine_MaterialFunctions03/Procedurals/ComputeFilterWidth.uexp" 1702
"../../../Engine/Content/EditorMaterials/TilingAALineIntegral.uasset" 1703
"../../../Engine/Content/EditorMaterials/TilingAALineIntegral.uexp" 1704
"../../../Engine/Content/EditorMaterials/TilingAALineBoxFiltered.uasset" 1705
"../../../Engine/Content/EditorMaterials/TilingAALineBoxFiltered.uexp" 1706
"../../../Engine/Content/EditorMaterials/TilingAAGrid.uasset" 1707
"../../../Engine/Content/EditorMaterials/TilingAAGrid.uexp" 1708
"../../../Engine/Plugins/Experimental/Landmass/Content/Landscape/OldPrototype_BP/Mats/MF/UnpackRG8Height.uasset" 1709
"../../../Engine/Plugins/Experimental/Landmass/Content/Landscape/OldPrototype_BP/Mats/MF/UnpackRG8Height.uexp" 1710
"../../../Engine/Plugins/Experimental/Landmass/Content/Landscape/BlueprintBrushes/MF/Landmass_BrushTilt.uasset" 1711
"../../../Engine/Plugins/Experimental/Landmass/Content/Landscape/BlueprintBrushes/MF/Landmass_BrushTilt.uexp" 1712
"../../../Engine/Content/ArtTools/RenderToTexture/Textures/T_EV_BlankWhite_01.uasset" 1713
"../../../Engine/Content/ArtTools/RenderToTexture/Textures/T_EV_BlankWhite_01.uexp" 1714
"../../../Engine/Content/Functions/Engine_MaterialFunctions01/ImageAdjustment/SCurve.uasset" 1715
"../../../Engine/Content/Functions/Engine_MaterialFunctions01/ImageAdjustment/SCurve.uexp" 1716
"../../../Engine/Content/EngineResources/Black_Low.uasset" 1717
"../../../Engine/Content/EngineResources/Black_Low.uexp" 1718
"../../../Engine/Plugins/Experimental/Landmass/Content/Landscape/BlueprintBrushes/MF/LandmassBrush_Noise.uasset" 1719
"../../../Engine/Plugins/Experimental/Landmass/Content/Landscape/BlueprintBrushes/MF/LandmassBrush_Noise.uexp" 1720
"../../../Engine/Plugins/Experimental/Landmass/Content/Landscape/BlueprintBrushes/Materials/BrushMaterials/BasicFunctions/LandmassBrush_ShapeMask.uasset" 1721
"../../../Engine/Plugins/Experimental/Landmass/Content/Landscape/BlueprintBrushes/Materials/BrushMaterials/BasicFunctions/LandmassBrush_ShapeMask.uexp" 1722
"../../../Engine/Plugins/Experimental/Landmass/Content/Landscape/BlueprintBrushes/Materials/Internal/BrushBounds.uasset" 1723
"../../../Engine/Plugins/Experimental/Landmass/Content/Landscape/BlueprintBrushes/Materials/Internal/BrushBounds.uexp" 1724
"../../../Engine/Content/BasicShapes/Plane.uasset" 1725
"../../../Engine/Content/BasicShapes/Plane.ubulk" 1726
"../../../Engine/Content/BasicShapes/Plane.uexp" 1727
"../../../Engine/Content/BasicShapes/BasicShapeMaterial.uasset" 1728
"../../../Engine/Content/BasicShapes/BasicShapeMaterial.uexp" 1729
"E:/Unreal Projects/UnderSeaRepo/Content/LevelPrototyping/Meshes/SM_QuarterCylinder.uasset" 1730
"E:/Unreal Projects/UnderSeaRepo/Content/LevelPrototyping/Meshes/SM_QuarterCylinder.ubulk" 1731
"E:/Unreal Projects/UnderSeaRepo/Content/LevelPrototyping/Meshes/SM_QuarterCylinder.uexp" 1732
"E:/Unreal Projects/UnderSeaRepo/Content/LevelPrototyping/Materials/MI_PrototypeGrid_TopDark.uasset" 1733
"E:/Unreal Projects/UnderSeaRepo/Content/LevelPrototyping/Materials/MI_PrototypeGrid_TopDark.uexp" 1734
"E:/Unreal Projects/UnderSeaRepo/Content/LevelPrototyping/Meshes/SM_Cube.uasset" 1735
"E:/Unreal Projects/UnderSeaRepo/Content/LevelPrototyping/Meshes/SM_Cube.ubulk" 1736
"E:/Unreal Projects/UnderSeaRepo/Content/LevelPrototyping/Meshes/SM_Cube.uexp" 1737
"E:/Unreal Projects/UnderSeaRepo/Content/LevelPrototyping/Materials/M_Solid.uasset" 1738
"E:/Unreal Projects/UnderSeaRepo/Content/LevelPrototyping/Materials/M_Solid.uexp" 1739
"E:/Unreal Projects/UnderSeaRepo/Content/LevelPrototyping/Materials/MI_Solid_Blue.uasset" 1740
"E:/Unreal Projects/UnderSeaRepo/Content/LevelPrototyping/Materials/MI_Solid_Blue.uexp" 1741
"E:/Unreal Projects/UnderSeaRepo/Content/LevelPrototyping/Meshes/SM_ChamferCube.uasset" 1742
"E:/Unreal Projects/UnderSeaRepo/Content/LevelPrototyping/Meshes/SM_ChamferCube.ubulk" 1743
"E:/Unreal Projects/UnderSeaRepo/Content/LevelPrototyping/Meshes/SM_ChamferCube.uexp" 1744
"E:/Unreal Projects/UnderSeaRepo/Content/LevelPrototyping/Meshes/SM_Ramp.uasset" 1745
"E:/Unreal Projects/UnderSeaRepo/Content/LevelPrototyping/Meshes/SM_Ramp.ubulk" 1746
"E:/Unreal Projects/UnderSeaRepo/Content/LevelPrototyping/Meshes/SM_Ramp.uexp" 1747
"../../../Engine/Content/EngineSky/T_Sky_Stars.uasset" 1748
"../../../Engine/Content/EngineSky/T_Sky_Stars.ubulk" 1749
"../../../Engine/Content/EngineSky/T_Sky_Stars.uexp" 1750
"../../../Engine/Content/EngineSky/T_Sky_Clouds_M.uasset" 1751
"../../../Engine/Content/EngineSky/T_Sky_Clouds_M.ubulk" 1752
"../../../Engine/Content/EngineSky/T_Sky_Clouds_M.uexp" 1753
"../../../Engine/Content/EngineSky/T_Sky_Blue.uasset" 1754
"../../../Engine/Content/EngineSky/T_Sky_Blue.ubulk" 1755
"../../../Engine/Content/EngineSky/T_Sky_Blue.uexp" 1756
"../../../Engine/Content/EngineSky/M_Sky_Panning_Clouds2.uasset" 1757
"../../../Engine/Content/EngineSky/M_Sky_Panning_Clouds2.uexp" 1758
"../../../Engine/Content/EngineSky/SM_SkySphere.uasset" 1759
"../../../Engine/Content/EngineSky/SM_SkySphere.ubulk" 1760
"../../../Engine/Content/EngineSky/SM_SkySphere.uexp" 1761
"../../../Engine/Content/EngineSky/M_SimpleSkyDome.uasset" 1762
"../../../Engine/Content/EngineSky/M_SimpleSkyDome.uexp" 1763
"../../../Engine/Content/BasicShapes/Cube.uasset" 1764
"../../../Engine/Content/BasicShapes/Cube.ubulk" 1765
"../../../Engine/Content/BasicShapes/Cube.uexp" 1766
"../../../Engine/Content/BasicShapes/Sphere.uasset" 1767
"../../../Engine/Content/BasicShapes/Sphere.ubulk" 1768
"../../../Engine/Content/BasicShapes/Sphere.uexp" 1769
"../../../Engine/Content/Functions/Engine_MaterialFunctions02/Texturing/HeightLerp.uasset" 1770
"../../../Engine/Content/Functions/Engine_MaterialFunctions02/Texturing/HeightLerp.uexp" 1771
"../../../Engine/Content/Functions/Engine_MaterialFunctions03/Procedurals/NormalFromHeightmap.uasset" 1772
"../../../Engine/Content/Functions/Engine_MaterialFunctions03/Procedurals/NormalFromHeightmap.uexp" 1773
"../../../Engine/Plugins/Experimental/Water/Content/Materials/MPC/MPC_Water.uasset" 1774
"../../../Engine/Plugins/Experimental/Water/Content/Materials/MPC/MPC_Water.uexp" 1775
"../../../Engine/Content/Functions/Engine_MaterialFunctions01/Gradient/BoxMask-2D.uasset" 1776
"../../../Engine/Content/Functions/Engine_MaterialFunctions01/Gradient/BoxMask-2D.uexp" 1777
"../../../Engine/Plugins/Experimental/Water/Content/FluidSimulation/WaveFoam/FoamRT.uasset" 1778
"../../../Engine/Plugins/Experimental/Water/Content/FluidSimulation/WaveFoam/FoamRT.uexp" 1779
"../../../Engine/Plugins/Experimental/Water/Content/Textures/Foam/T_WaterFlow_01_Foam_Tiled.uasset" 1780
"../../../Engine/Plugins/Experimental/Water/Content/Textures/Foam/T_WaterFlow_01_Foam_Tiled.ubulk" 1781
"../../../Engine/Plugins/Experimental/Water/Content/Textures/Foam/T_WaterFlow_01_Foam_Tiled.uexp" 1782
"../../../Engine/Plugins/Experimental/Water/Content/Materials/Functions/WaterZoneData.uasset" 1783
"../../../Engine/Plugins/Experimental/Water/Content/Materials/Functions/WaterZoneData.uexp" 1784
"../../../Engine/Plugins/Experimental/Water/Content/Textures/Black.uasset" 1785
"../../../Engine/Plugins/Experimental/Water/Content/Textures/Black.uexp" 1786
"../../../Engine/Plugins/Experimental/Water/Content/Materials/Functions/HighQualityTextureFiltering.uasset" 1787
"../../../Engine/Plugins/Experimental/Water/Content/Materials/Functions/HighQualityTextureFiltering.uexp" 1788
"../../../Engine/Plugins/Experimental/Water/Content/Materials/Functions/WaterBodyData.uasset" 1789
"../../../Engine/Plugins/Experimental/Water/Content/Materials/Functions/WaterBodyData.uexp" 1790
"../../../Engine/Plugins/Experimental/Water/Content/Textures/Foam/T_WaterFlow_01_Foam_Tiled_N.uasset" 1791
"../../../Engine/Plugins/Experimental/Water/Content/Textures/Foam/T_WaterFlow_01_Foam_Tiled_N.ubulk" 1792
"../../../Engine/Plugins/Experimental/Water/Content/Textures/Foam/T_WaterFlow_01_Foam_Tiled_N.uexp" 1793
"../../../Engine/Content/EngineSky/VolumetricClouds/T_VolumeNoiseShape128.uasset" 1794
"../../../Engine/Content/EngineSky/VolumetricClouds/T_VolumeNoiseShape128.uexp" 1795
"../../../Engine/Plugins/Experimental/Water/Content/Materials/Layers/BeachFoam.uasset" 1796
"../../../Engine/Plugins/Experimental/Water/Content/Materials/Layers/BeachFoam.uexp" 1797
"../../../Engine/Plugins/Experimental/Water/Content/Materials/Functions/WaterOpacityMaskFromDepth.uasset" 1798
"../../../Engine/Plugins/Experimental/Water/Content/Materials/Functions/WaterOpacityMaskFromDepth.uexp" 1799
"../../../Engine/Content/Functions/Engine_MaterialFunctions02/ExampleContent/Textures/LowResBlurredNoise.uasset" 1800
"../../../Engine/Content/Functions/Engine_MaterialFunctions02/ExampleContent/Textures/LowResBlurredNoise.uexp" 1801
"../../../Engine/Plugins/Experimental/Water/Content/Textures/Flowmaps/RiverFlowmap_Diffuse.uasset" 1802
"../../../Engine/Plugins/Experimental/Water/Content/Textures/Flowmaps/RiverFlowmap_Diffuse.ubulk" 1803
"../../../Engine/Plugins/Experimental/Water/Content/Textures/Flowmaps/RiverFlowmap_Diffuse.uexp" 1804
"../../../Engine/Content/Functions/Engine_MaterialFunctions01/Coordinates/WorldPosition-XY.uasset" 1805
"../../../Engine/Content/Functions/Engine_MaterialFunctions01/Coordinates/WorldPosition-XY.uexp" 1806
"../../../Engine/Plugins/Experimental/Water/Content/Textures/Flowmaps/RiverFlowmap_Normal.uasset" 1807
"../../../Engine/Plugins/Experimental/Water/Content/Textures/Flowmaps/RiverFlowmap_Normal.ubulk" 1808
"../../../Engine/Plugins/Experimental/Water/Content/Textures/Flowmaps/RiverFlowmap_Normal.uexp" 1809
"../../../Engine/Content/Functions/Engine_MaterialFunctions02/Math/MakeVectorsOrthogonal.uasset" 1810
"../../../Engine/Content/Functions/Engine_MaterialFunctions02/Math/MakeVectorsOrthogonal.uexp" 1811
"../../../Engine/Content/Functions/Engine_MaterialFunctions01/Texturing/ComputeMipLevel.uasset" 1812
"../../../Engine/Content/Functions/Engine_MaterialFunctions01/Texturing/ComputeMipLevel.uexp" 1813
"../../../Engine/Content/EngineMaterials/DefaultNormal.uasset" 1814
"../../../Engine/Content/EngineMaterials/DefaultNormal.ubulk" 1815
"../../../Engine/Content/EngineMaterials/DefaultNormal.uexp" 1816
"../../../Engine/Content/Functions/Engine_MaterialFunctions02/Math/TimeWithSpeedVariable.uasset" 1817
"../../../Engine/Content/Functions/Engine_MaterialFunctions02/Math/TimeWithSpeedVariable.uexp" 1818
"../../../Engine/Content/Functions/Engine_MaterialFunctions02/Utility/LinearSine.uasset" 1819
"../../../Engine/Content/Functions/Engine_MaterialFunctions02/Utility/LinearSine.uexp" 1820
"../../../Engine/Content/Functions/Engine_MaterialFunctions02/Texturing/Flowmaps.uasset" 1821
"../../../Engine/Content/Functions/Engine_MaterialFunctions02/Texturing/Flowmaps.uexp" 1822
"../../../Engine/Plugins/Experimental/Water/Content/Materials/Functions/WaterRiverFlowmaps.uasset" 1823
"../../../Engine/Plugins/Experimental/Water/Content/Materials/Functions/WaterRiverFlowmaps.uexp" 1824
"../../../Engine/Plugins/Experimental/Water/Content/Materials/Layers/WaterAttributes.uasset" 1825
"../../../Engine/Plugins/Experimental/Water/Content/Materials/Layers/WaterAttributes.uexp" 1826
"../../../Engine/Plugins/Experimental/Water/Content/Materials/Functions/ClipDynamicBounds.uasset" 1827
"../../../Engine/Plugins/Experimental/Water/Content/Materials/Functions/ClipDynamicBounds.uexp" 1828
"../../../Engine/Plugins/Experimental/Water/Content/Materials/Functions/Water_Underside.uasset" 1829
"../../../Engine/Plugins/Experimental/Water/Content/Materials/Functions/Water_Underside.uexp" 1830
"../../../Engine/Plugins/Experimental/Water/Content/Materials/Functions/ComputeWavesAttenuationFactor.uasset" 1831
"../../../Engine/Plugins/Experimental/Water/Content/Materials/Functions/ComputeWavesAttenuationFactor.uexp" 1832
"../../../Engine/Plugins/Experimental/Water/Content/Materials/Functions/WaveDepthFalloff_Overrides.uasset" 1833
"../../../Engine/Plugins/Experimental/Water/Content/Materials/Functions/WaveDepthFalloff_Overrides.uexp" 1834
"../../../Engine/Plugins/Experimental/Water/Content/Materials/Functions/ComputeGerstnerWaves.uasset" 1835
"../../../Engine/Plugins/Experimental/Water/Content/Materials/Functions/ComputeGerstnerWaves.uexp" 1836
"../../../Engine/Content/Functions/Engine_MaterialFunctions01/Opacity/AlphaOffset.uasset" 1837
"../../../Engine/Content/Functions/Engine_MaterialFunctions01/Opacity/AlphaOffset.uexp" 1838
"../../../Engine/Plugins/Experimental/Water/Content/FluidSimulation/Materials/Functions/Fluidsim_WorldPosition_to_UV.uasset" 1839
"../../../Engine/Plugins/Experimental/Water/Content/FluidSimulation/Materials/Functions/Fluidsim_WorldPosition_to_UV.uexp" 1840
"../../../Engine/Plugins/Experimental/Water/Content/FluidSimulation/WaveFoam/WaterDistanceField.uasset" 1841
"../../../Engine/Plugins/Experimental/Water/Content/FluidSimulation/WaveFoam/WaterDistanceField.uexp" 1842
"../../../Engine/Plugins/Experimental/Water/Content/Materials/Functions/SampleFluidSimulation.uasset" 1843
"../../../Engine/Plugins/Experimental/Water/Content/Materials/Functions/SampleFluidSimulation.uexp" 1844
"../../../Engine/Plugins/Experimental/Water/Content/Materials/Functions/WaterTextureWaves.uasset" 1845
"../../../Engine/Plugins/Experimental/Water/Content/Materials/Functions/WaterTextureWaves.uexp" 1846
"../../../Engine/Plugins/Experimental/Water/Content/Textures/Normals/T_Water_TilingNormal_With_Height_02_Softened.uasset" 1847
"../../../Engine/Plugins/Experimental/Water/Content/Textures/Normals/T_Water_TilingNormal_With_Height_02_Softened.ubulk" 1848
"../../../Engine/Plugins/Experimental/Water/Content/Textures/Normals/T_Water_TilingNormal_With_Height_02_Softened.uexp" 1849
"../../../Engine/Plugins/Experimental/Water/Content/Materials/Functions/WaterTextureSurface.uasset" 1850
"../../../Engine/Plugins/Experimental/Water/Content/Materials/Functions/WaterTextureSurface.uexp" 1851
"../../../Engine/Plugins/Experimental/Water/Content/Caustics/Materials/Functions/GetDistortionUV.uasset" 1852
"../../../Engine/Plugins/Experimental/Water/Content/Caustics/Materials/Functions/GetDistortionUV.uexp" 1853
"../../../Engine/Plugins/Experimental/Water/Content/Materials/Functions/WorldNormalBehindWater.uasset" 1854
"../../../Engine/Plugins/Experimental/Water/Content/Materials/Functions/WorldNormalBehindWater.uexp" 1855
"../../../Engine/Plugins/Experimental/Water/Content/Materials/Functions/GetWaterTime.uasset" 1856
"../../../Engine/Plugins/Experimental/Water/Content/Materials/Functions/GetWaterTime.uexp" 1857
"../../../Engine/Plugins/Experimental/Water/Content/Materials/Functions/WorldPositionBehindWater.uasset" 1858
"../../../Engine/Plugins/Experimental/Water/Content/Materials/Functions/WorldPositionBehindWater.uexp" 1859
"../../../Engine/Plugins/Experimental/Water/Content/Caustics/Materials/Functions/WaterCaustics_GerstnerWaves.uasset" 1860
"../../../Engine/Plugins/Experimental/Water/Content/Caustics/Materials/Functions/WaterCaustics_GerstnerWaves.uexp" 1861
"../../../Engine/Plugins/Experimental/Water/Content/Materials/Functions/SetWaveAttributes.uasset" 1862
"../../../Engine/Plugins/Experimental/Water/Content/Materials/Functions/SetWaveAttributes.uexp" 1863
"../../../Engine/Plugins/Experimental/Water/Content/Materials/Functions/WaterHeightMappingVS.uasset" 1864
"../../../Engine/Plugins/Experimental/Water/Content/Materials/Functions/WaterHeightMappingVS.uexp" 1865
"../../../Engine/Plugins/Experimental/Water/Content/Materials/Functions/WaveVelocityMask.uasset" 1866
"../../../Engine/Plugins/Experimental/Water/Content/Materials/Functions/WaveVelocityMask.uexp" 1867
"../../../Engine/Plugins/Experimental/Water/Content/Materials/Functions/WaterCoefficientMask.uasset" 1868
"../../../Engine/Plugins/Experimental/Water/Content/Materials/Functions/WaterCoefficientMask.uexp" 1869
"../../../Engine/Plugins/Experimental/Water/Content/Materials/WaterSurface/Water_Material.uasset" 1870
"../../../Engine/Plugins/Experimental/Water/Content/Materials/WaterSurface/Water_Material.uexp" 1871
"../../../Engine/Plugins/Experimental/Water/Content/Materials/WaterSurface/Water_FarMesh.uasset" 1872
"../../../Engine/Plugins/Experimental/Water/Content/Materials/WaterSurface/Water_FarMesh.uexp" 1873
"E:/Unreal Projects/UnderSeaRepo/Content/StylizedNaturePack/Rocks/Materials/Textures/T_Rock_Pack_Normal.uasset" 1874
"E:/Unreal Projects/UnderSeaRepo/Content/StylizedNaturePack/Rocks/Materials/Textures/T_Rock_Pack_Normal.ubulk" 1875
"E:/Unreal Projects/UnderSeaRepo/Content/StylizedNaturePack/Rocks/Materials/Textures/T_Rock_Pack_Normal.uexp" 1876
"E:/Unreal Projects/UnderSeaRepo/Content/StylizedNaturePack/Rocks/Materials/Textures/T_Rock_Pack_BaseColor.uasset" 1877
"E:/Unreal Projects/UnderSeaRepo/Content/StylizedNaturePack/Rocks/Materials/Textures/T_Rock_Pack_BaseColor.ubulk" 1878
"E:/Unreal Projects/UnderSeaRepo/Content/StylizedNaturePack/Rocks/Materials/Textures/T_Rock_Pack_BaseColor.uexp" 1879
"E:/Unreal Projects/UnderSeaRepo/Content/StylizedNaturePack/Rocks/Materials/Textures/T_Rock_Pack_OcclusionRoughnessMetallic.uasset" 1880
"E:/Unreal Projects/UnderSeaRepo/Content/StylizedNaturePack/Rocks/Materials/Textures/T_Rock_Pack_OcclusionRoughnessMetallic.ubulk" 1881
"E:/Unreal Projects/UnderSeaRepo/Content/StylizedNaturePack/Rocks/Materials/Textures/T_Rock_Pack_OcclusionRoughnessMetallic.uexp" 1882
"E:/Unreal Projects/UnderSeaRepo/Content/StylizedNaturePack/Rocks/Materials/M_Rocks.uasset" 1883
"E:/Unreal Projects/UnderSeaRepo/Content/StylizedNaturePack/Rocks/Materials/M_Rocks.uexp" 1884
"E:/Unreal Projects/UnderSeaRepo/Content/StylizedNaturePack/Rocks/Meshes/SM_Rock2.uasset" 1885
"E:/Unreal Projects/UnderSeaRepo/Content/StylizedNaturePack/Rocks/Meshes/SM_Rock2.ubulk" 1886
"E:/Unreal Projects/UnderSeaRepo/Content/StylizedNaturePack/Rocks/Meshes/SM_Rock2.uexp" 1887
"E:/Unreal Projects/UnderSeaRepo/Content/StylizedNaturePack/Foliage/Flowers/Materials/Textures/T_FlowersAndLeaves.uasset" 1888
"E:/Unreal Projects/UnderSeaRepo/Content/StylizedNaturePack/Foliage/Flowers/Materials/Textures/T_FlowersAndLeaves.ubulk" 1889
"E:/Unreal Projects/UnderSeaRepo/Content/StylizedNaturePack/Foliage/Flowers/Materials/Textures/T_FlowersAndLeaves.uexp" 1890
"E:/Unreal Projects/UnderSeaRepo/Content/StylizedNaturePack/Foliage/Flowers/Materials/Textures/T_Flowers_Mask.uasset" 1891
"E:/Unreal Projects/UnderSeaRepo/Content/StylizedNaturePack/Foliage/Flowers/Materials/Textures/T_Flowers_Mask.ubulk" 1892
"E:/Unreal Projects/UnderSeaRepo/Content/StylizedNaturePack/Foliage/Flowers/Materials/Textures/T_Flowers_Mask.uexp" 1893
"../../../Engine/Content/Functions/Engine_MaterialFunctions01/WorldPositionOffset/SimpleGrassWind.uasset" 1894
"../../../Engine/Content/Functions/Engine_MaterialFunctions01/WorldPositionOffset/SimpleGrassWind.uexp" 1895
"E:/Unreal Projects/UnderSeaRepo/Content/StylizedNaturePack/Foliage/Flowers/Materials/M_Flowers.uasset" 1896
"E:/Unreal Projects/UnderSeaRepo/Content/StylizedNaturePack/Foliage/Flowers/Materials/M_Flowers.uexp" 1897
"E:/Unreal Projects/UnderSeaRepo/Content/StylizedNaturePack/Foliage/Flowers/Materials/MI_Flowers.uasset" 1898
"E:/Unreal Projects/UnderSeaRepo/Content/StylizedNaturePack/Foliage/Flowers/Materials/MI_Flowers.uexp" 1899
"E:/Unreal Projects/UnderSeaRepo/Content/StylizedNaturePack/Foliage/Flowers/Meshes/SM_Flowers_White.uasset" 1900
"E:/Unreal Projects/UnderSeaRepo/Content/StylizedNaturePack/Foliage/Flowers/Meshes/SM_Flowers_White.ubulk" 1901
"E:/Unreal Projects/UnderSeaRepo/Content/StylizedNaturePack/Foliage/Flowers/Meshes/SM_Flowers_White.uexp" 1902
"E:/Unreal Projects/UnderSeaRepo/Content/StylizedNaturePack/Rocks/Meshes/SM_Rock4.uasset" 1903
"E:/Unreal Projects/UnderSeaRepo/Content/StylizedNaturePack/Rocks/Meshes/SM_Rock4.ubulk" 1904
"E:/Unreal Projects/UnderSeaRepo/Content/StylizedNaturePack/Rocks/Meshes/SM_Rock4.uexp" 1905
"E:/Unreal Projects/UnderSeaRepo/Content/StylizedNaturePack/Foliage/Fern/Materials/Textures/T_Fern_BaseColor.uasset" 1906
"E:/Unreal Projects/UnderSeaRepo/Content/StylizedNaturePack/Foliage/Fern/Materials/Textures/T_Fern_BaseColor.ubulk" 1907
"E:/Unreal Projects/UnderSeaRepo/Content/StylizedNaturePack/Foliage/Fern/Materials/Textures/T_Fern_BaseColor.uexp" 1908
"../../../Engine/Content/Functions/Engine_MaterialFunctions02/HueShift.uasset" 1909
"../../../Engine/Content/Functions/Engine_MaterialFunctions02/HueShift.uexp" 1910
"E:/Unreal Projects/UnderSeaRepo/Content/StylizedNaturePack/Foliage/Fern/Materials/Textures/T_Fern_Normal.uasset" 1911
"E:/Unreal Projects/UnderSeaRepo/Content/StylizedNaturePack/Foliage/Fern/Materials/Textures/T_Fern_Normal.ubulk" 1912
"E:/Unreal Projects/UnderSeaRepo/Content/StylizedNaturePack/Foliage/Fern/Materials/Textures/T_Fern_Normal.uexp" 1913
"E:/Unreal Projects/UnderSeaRepo/Content/StylizedNaturePack/Foliage/Fern/Materials/Textures/T_Fern_OcclusionRoughnessMetallic.uasset" 1914
"E:/Unreal Projects/UnderSeaRepo/Content/StylizedNaturePack/Foliage/Fern/Materials/Textures/T_Fern_OcclusionRoughnessMetallic.ubulk" 1915
"E:/Unreal Projects/UnderSeaRepo/Content/StylizedNaturePack/Foliage/Fern/Materials/Textures/T_Fern_OcclusionRoughnessMetallic.uexp" 1916
"E:/Unreal Projects/UnderSeaRepo/Content/StylizedNaturePack/Foliage/Fern/Materials/M_Fern_Round.uasset" 1917
"E:/Unreal Projects/UnderSeaRepo/Content/StylizedNaturePack/Foliage/Fern/Materials/M_Fern_Round.uexp" 1918
"E:/Unreal Projects/UnderSeaRepo/Content/StylizedNaturePack/Foliage/Fern/Materials/MI_Fern_Round.uasset" 1919
"E:/Unreal Projects/UnderSeaRepo/Content/StylizedNaturePack/Foliage/Fern/Materials/MI_Fern_Round.uexp" 1920
"E:/Unreal Projects/UnderSeaRepo/Content/StylizedNaturePack/Foliage/Fern/Meshes/SM_Fern1.uasset" 1921
"E:/Unreal Projects/UnderSeaRepo/Content/StylizedNaturePack/Foliage/Fern/Meshes/SM_Fern1.ubulk" 1922
"E:/Unreal Projects/UnderSeaRepo/Content/StylizedNaturePack/Foliage/Fern/Meshes/SM_Fern1.uexp" 1923
"E:/Unreal Projects/UnderSeaRepo/Content/StarterContent/Textures/T_Concrete_Tiles_Variation_M.uasset" 1924
"E:/Unreal Projects/UnderSeaRepo/Content/StarterContent/Textures/T_Concrete_Tiles_Variation_M.ubulk" 1925
"E:/Unreal Projects/UnderSeaRepo/Content/StarterContent/Textures/T_Concrete_Tiles_Variation_M.uexp" 1926
"E:/Unreal Projects/UnderSeaRepo/Content/StarterContent/Textures/T_Concrete_Tiles_D.uasset" 1927
"E:/Unreal Projects/UnderSeaRepo/Content/StarterContent/Textures/T_Concrete_Tiles_D.ubulk" 1928
"E:/Unreal Projects/UnderSeaRepo/Content/StarterContent/Textures/T_Concrete_Tiles_D.uexp" 1929
"E:/Unreal Projects/UnderSeaRepo/Content/StarterContent/Textures/T_Concrete_Tiles_M.uasset" 1930
"E:/Unreal Projects/UnderSeaRepo/Content/StarterContent/Textures/T_Concrete_Tiles_M.ubulk" 1931
"E:/Unreal Projects/UnderSeaRepo/Content/StarterContent/Textures/T_Concrete_Tiles_M.uexp" 1932
"E:/Unreal Projects/UnderSeaRepo/Content/StarterContent/Textures/T_MacroVariation.uasset" 1933
"E:/Unreal Projects/UnderSeaRepo/Content/StarterContent/Textures/T_MacroVariation.uexp" 1934
"E:/Unreal Projects/UnderSeaRepo/Content/StarterContent/Textures/T_Concrete_Tiles_N.uasset" 1935
"E:/Unreal Projects/UnderSeaRepo/Content/StarterContent/Textures/T_Concrete_Tiles_N.ubulk" 1936
"E:/Unreal Projects/UnderSeaRepo/Content/StarterContent/Textures/T_Concrete_Tiles_N.uexp" 1937
"E:/Unreal Projects/UnderSeaRepo/Content/StarterContent/Materials/M_Concrete_Tiles.uasset" 1938
"E:/Unreal Projects/UnderSeaRepo/Content/StarterContent/Materials/M_Concrete_Tiles.uexp" 1939
"E:/Unreal Projects/UnderSeaRepo/Content/StylizedNaturePack/Foliage/Bush/Materials/Textures/T_Leaf_BaseColor.uasset" 1940
"E:/Unreal Projects/UnderSeaRepo/Content/StylizedNaturePack/Foliage/Bush/Materials/Textures/T_Leaf_BaseColor.ubulk" 1941
"E:/Unreal Projects/UnderSeaRepo/Content/StylizedNaturePack/Foliage/Bush/Materials/Textures/T_Leaf_BaseColor.uexp" 1942
"E:/Unreal Projects/UnderSeaRepo/Content/StylizedNaturePack/Foliage/Bush/Materials/Textures/T_Leaf_Normal.uasset" 1943
"E:/Unreal Projects/UnderSeaRepo/Content/StylizedNaturePack/Foliage/Bush/Materials/Textures/T_Leaf_Normal.ubulk" 1944
"E:/Unreal Projects/UnderSeaRepo/Content/StylizedNaturePack/Foliage/Bush/Materials/Textures/T_Leaf_Normal.uexp" 1945
"E:/Unreal Projects/UnderSeaRepo/Content/StylizedNaturePack/Foliage/Bush/Materials/Textures/T_Leaf_OcclusionRoughnessMetallic.uasset" 1946
"E:/Unreal Projects/UnderSeaRepo/Content/StylizedNaturePack/Foliage/Bush/Materials/Textures/T_Leaf_OcclusionRoughnessMetallic.ubulk" 1947
"E:/Unreal Projects/UnderSeaRepo/Content/StylizedNaturePack/Foliage/Bush/Materials/Textures/T_Leaf_OcclusionRoughnessMetallic.uexp" 1948
"E:/Unreal Projects/UnderSeaRepo/Content/StylizedNaturePack/Foliage/Bush/Materials/M_Bush.uasset" 1949
"E:/Unreal Projects/UnderSeaRepo/Content/StylizedNaturePack/Foliage/Bush/Materials/M_Bush.uexp" 1950
"E:/Unreal Projects/UnderSeaRepo/Content/StylizedNaturePack/Foliage/Bush/Materials/MI_Bush.uasset" 1951
"E:/Unreal Projects/UnderSeaRepo/Content/StylizedNaturePack/Foliage/Bush/Materials/MI_Bush.uexp" 1952
"E:/Unreal Projects/UnderSeaRepo/Content/StylizedNaturePack/Foliage/Bush/Meshes/SM_Bush2.uasset" 1953
"E:/Unreal Projects/UnderSeaRepo/Content/StylizedNaturePack/Foliage/Bush/Meshes/SM_Bush2.ubulk" 1954
"E:/Unreal Projects/UnderSeaRepo/Content/StylizedNaturePack/Foliage/Bush/Meshes/SM_Bush2.uexp" 1955
"E:/Unreal Projects/UnderSeaRepo/Content/Assets/Whale/texture_0.uasset" 1956
"E:/Unreal Projects/UnderSeaRepo/Content/Assets/Whale/texture_0.ubulk" 1957
"E:/Unreal Projects/UnderSeaRepo/Content/Assets/Whale/texture_0.uexp" 1958
"E:/Unreal Projects/UnderSeaRepo/Content/Assets/Whale/Material_001.uasset" 1959
"E:/Unreal Projects/UnderSeaRepo/Content/Assets/Whale/Material_001.uexp" 1960
"E:/Unreal Projects/UnderSeaRepo/Content/Assets/Whale/a_low_poly_whale_huge_0225003337_texture.uasset" 1961
"E:/Unreal Projects/UnderSeaRepo/Content/Assets/Whale/a_low_poly_whale_huge_0225003337_texture.ubulk" 1962
"E:/Unreal Projects/UnderSeaRepo/Content/Assets/Whale/a_low_poly_whale_huge_0225003337_texture.uexp" 1963
"../../../Engine/Plugins/Developer/AnimationSharing/Content/AnimSharingBase.uasset" 1964
"../../../Engine/Plugins/Developer/AnimationSharing/Content/AnimSharingBase.uexp" 1965
"../../../Engine/Plugins/Developer/AnimationSharing/Content/AnimSharingBlue.uasset" 1966
"../../../Engine/Plugins/Developer/AnimationSharing/Content/AnimSharingBlue.uexp" 1967
"E:/Unreal Projects/UnderSeaRepo/Content/StarterContent/Architecture/Wall_Window_400x300.uasset" 1968
"E:/Unreal Projects/UnderSeaRepo/Content/StarterContent/Architecture/Wall_Window_400x300.ubulk" 1969
"E:/Unreal Projects/UnderSeaRepo/Content/StarterContent/Architecture/Wall_Window_400x300.uexp" 1970
"E:/Unreal Projects/UnderSeaRepo/Content/Maps/BPP_WhaleSchool.uasset" 1971
"E:/Unreal Projects/UnderSeaRepo/Content/Maps/BPP_WhaleSchool.uexp" 1972
"../../../Engine/Content/Functions/Engine_MaterialFunctions02/ExampleContent/Textures/water_d.uasset" 1973
"../../../Engine/Content/Functions/Engine_MaterialFunctions02/ExampleContent/Textures/water_d.ubulk" 1974
"../../../Engine/Content/Functions/Engine_MaterialFunctions02/ExampleContent/Textures/water_d.uexp" 1975
"../../../Engine/Content/Functions/Engine_MaterialFunctions02/ExampleContent/Textures/water_n.uasset" 1976
"../../../Engine/Content/Functions/Engine_MaterialFunctions02/ExampleContent/Textures/water_n.ubulk" 1977
"../../../Engine/Content/Functions/Engine_MaterialFunctions02/ExampleContent/Textures/water_n.uexp" 1978
"../../../Engine/Content/EngineResources/DefaultTexture.uasset" 1979
"../../../Engine/Content/EngineResources/DefaultTexture.ubulk" 1980
"../../../Engine/Content/EngineResources/DefaultTexture.uexp" 1981
"../../../Engine/Content/EngineResources/Black.uasset" 1982
"../../../Engine/Content/EngineResources/Black.uexp" 1983
"../../../Engine/Plugins/Experimental/Water/Content/Materials/WaterSurface/Water_Material_Inst.uasset" 1984
"../../../Engine/Plugins/Experimental/Water/Content/Materials/WaterSurface/Water_Material_Inst.uexp" 1985
"../../../Engine/Plugins/Experimental/Water/Content/Materials/WaterSurface/Water_Material_Ocean.uasset" 1986
"../../../Engine/Plugins/Experimental/Water/Content/Materials/WaterSurface/Water_Material_Ocean.uexp" 1987
"E:/Unreal Projects/UnderSeaRepo/Content/StylizedNaturePack/Foliage/Fern/Materials/Textures/T_Fern_4_BaseColor.uasset" 1988
"E:/Unreal Projects/UnderSeaRepo/Content/StylizedNaturePack/Foliage/Fern/Materials/Textures/T_Fern_4_BaseColor.ubulk" 1989
"E:/Unreal Projects/UnderSeaRepo/Content/StylizedNaturePack/Foliage/Fern/Materials/Textures/T_Fern_4_BaseColor.uexp" 1990
"E:/Unreal Projects/UnderSeaRepo/Content/StylizedNaturePack/Foliage/Fern/Materials/Textures/T_Fern_4_Normal.uasset" 1991
"E:/Unreal Projects/UnderSeaRepo/Content/StylizedNaturePack/Foliage/Fern/Materials/Textures/T_Fern_4_Normal.ubulk" 1992
"E:/Unreal Projects/UnderSeaRepo/Content/StylizedNaturePack/Foliage/Fern/Materials/Textures/T_Fern_4_Normal.uexp" 1993
"E:/Unreal Projects/UnderSeaRepo/Content/StylizedNaturePack/Foliage/Fern/Materials/Textures/T_Fern_4_OcclusionRoughnessMetallic.uasset" 1994
"E:/Unreal Projects/UnderSeaRepo/Content/StylizedNaturePack/Foliage/Fern/Materials/Textures/T_Fern_4_OcclusionRoughnessMetallic.ubulk" 1995
"E:/Unreal Projects/UnderSeaRepo/Content/StylizedNaturePack/Foliage/Fern/Materials/Textures/T_Fern_4_OcclusionRoughnessMetallic.uexp" 1996
"E:/Unreal Projects/UnderSeaRepo/Content/StylizedNaturePack/Foliage/Fern/Materials/M_Fern_Square.uasset" 1997
"E:/Unreal Projects/UnderSeaRepo/Content/StylizedNaturePack/Foliage/Fern/Materials/M_Fern_Square.uexp" 1998
"E:/Unreal Projects/UnderSeaRepo/Content/StylizedNaturePack/Foliage/Fern/Materials/MI_Fern_Square.uasset" 1999
"E:/Unreal Projects/UnderSeaRepo/Content/StylizedNaturePack/Foliage/Fern/Materials/MI_Fern_Square.uexp" 2000
"E:/Unreal Projects/UnderSeaRepo/Content/StylizedNaturePack/Foliage/Fern/Meshes/SM_Fern5.uasset" 2001
"E:/Unreal Projects/UnderSeaRepo/Content/StylizedNaturePack/Foliage/Fern/Meshes/SM_Fern5.ubulk" 2002
"E:/Unreal Projects/UnderSeaRepo/Content/StylizedNaturePack/Foliage/Fern/Meshes/SM_Fern5.uexp" 2003
"E:/Unreal Projects/UnderSeaRepo/Content/StarterContent/Textures/T_Frame_M.uasset" 2004
"E:/Unreal Projects/UnderSeaRepo/Content/StarterContent/Textures/T_Frame_M.ubulk" 2005
"E:/Unreal Projects/UnderSeaRepo/Content/StarterContent/Textures/T_Frame_M.uexp" 2006
"E:/Unreal Projects/UnderSeaRepo/Content/StarterContent/Textures/T_Frame_N.uasset" 2007
"E:/Unreal Projects/UnderSeaRepo/Content/StarterContent/Textures/T_Frame_N.ubulk" 2008
"E:/Unreal Projects/UnderSeaRepo/Content/StarterContent/Textures/T_Frame_N.uexp" 2009
"E:/Unreal Projects/UnderSeaRepo/Content/StarterContent/Props/Materials/M_Frame.uasset" 2010
"E:/Unreal Projects/UnderSeaRepo/Content/StarterContent/Props/Materials/M_Frame.uexp" 2011
"E:/Unreal Projects/UnderSeaRepo/Content/StarterContent/Props/SM_DoorFrame.uasset" 2012
"E:/Unreal Projects/UnderSeaRepo/Content/StarterContent/Props/SM_DoorFrame.ubulk" 2013
"E:/Unreal Projects/UnderSeaRepo/Content/StarterContent/Props/SM_DoorFrame.uexp" 2014
"E:/Unreal Projects/UnderSeaRepo/Content/StarterContent/Textures/T_Wood_Pine_D.uasset" 2015
"E:/Unreal Projects/UnderSeaRepo/Content/StarterContent/Textures/T_Wood_Pine_D.ubulk" 2016
"E:/Unreal Projects/UnderSeaRepo/Content/StarterContent/Textures/T_Wood_Pine_D.uexp" 2017
"E:/Unreal Projects/UnderSeaRepo/Content/StarterContent/Textures/T_Wood_Pine_N.uasset" 2018
"E:/Unreal Projects/UnderSeaRepo/Content/StarterContent/Textures/T_Wood_Pine_N.ubulk" 2019
"E:/Unreal Projects/UnderSeaRepo/Content/StarterContent/Textures/T_Wood_Pine_N.uexp" 2020
"E:/Unreal Projects/UnderSeaRepo/Content/StarterContent/Textures/T_Perlin_Noise_M.uasset" 2021
"E:/Unreal Projects/UnderSeaRepo/Content/StarterContent/Textures/T_Perlin_Noise_M.ubulk" 2022
"E:/Unreal Projects/UnderSeaRepo/Content/StarterContent/Textures/T_Perlin_Noise_M.uexp" 2023
"E:/Unreal Projects/UnderSeaRepo/Content/StarterContent/Materials/M_Wood_Pine.uasset" 2024
"E:/Unreal Projects/UnderSeaRepo/Content/StarterContent/Materials/M_Wood_Pine.uexp" 2025
"E:/Unreal Projects/UnderSeaRepo/Content/Assets/Shark/texture_0.uasset" 2026
"E:/Unreal Projects/UnderSeaRepo/Content/Assets/Shark/texture_0.ubulk" 2027
"E:/Unreal Projects/UnderSeaRepo/Content/Assets/Shark/texture_0.uexp" 2028
"E:/Unreal Projects/UnderSeaRepo/Content/Assets/Shark/Material_001.uasset" 2029
"E:/Unreal Projects/UnderSeaRepo/Content/Assets/Shark/Material_001.uexp" 2030
"E:/Unreal Projects/UnderSeaRepo/Content/Assets/Shark/a_huge_shark_with_mou_0225003944_texture.uasset" 2031
"E:/Unreal Projects/UnderSeaRepo/Content/Assets/Shark/a_huge_shark_with_mou_0225003944_texture.ubulk" 2032
"E:/Unreal Projects/UnderSeaRepo/Content/Assets/Shark/a_huge_shark_with_mou_0225003944_texture.uexp" 2033
"E:/Unreal Projects/UnderSeaRepo/Content/StarterContent/Textures/T_CobbleStone_Pebble_N.uasset" 2034
"E:/Unreal Projects/UnderSeaRepo/Content/StarterContent/Textures/T_CobbleStone_Pebble_N.ubulk" 2035
"E:/Unreal Projects/UnderSeaRepo/Content/StarterContent/Textures/T_CobbleStone_Pebble_N.uexp" 2036
"E:/Unreal Projects/UnderSeaRepo/Content/StarterContent/Textures/T_CobbleStone_Pebble_M.uasset" 2037
"E:/Unreal Projects/UnderSeaRepo/Content/StarterContent/Textures/T_CobbleStone_Pebble_M.ubulk" 2038
"E:/Unreal Projects/UnderSeaRepo/Content/StarterContent/Textures/T_CobbleStone_Pebble_M.uexp" 2039
"E:/Unreal Projects/UnderSeaRepo/Content/StarterContent/Textures/T_CobbleStone_Pebble_D.uasset" 2040
"E:/Unreal Projects/UnderSeaRepo/Content/StarterContent/Textures/T_CobbleStone_Pebble_D.ubulk" 2041
"E:/Unreal Projects/UnderSeaRepo/Content/StarterContent/Textures/T_CobbleStone_Pebble_D.uexp" 2042
"E:/Unreal Projects/UnderSeaRepo/Content/StarterContent/Materials/M_CobbleStone_Pebble.uasset" 2043
"E:/Unreal Projects/UnderSeaRepo/Content/StarterContent/Materials/M_CobbleStone_Pebble.uexp" 2044
"E:/Unreal Projects/UnderSeaRepo/Content/StarterContent/Textures/T_Ground_Gravel_N.uasset" 2045
"E:/Unreal Projects/UnderSeaRepo/Content/StarterContent/Textures/T_Ground_Gravel_N.ubulk" 2046
"E:/Unreal Projects/UnderSeaRepo/Content/StarterContent/Textures/T_Ground_Gravel_N.uexp" 2047
"E:/Unreal Projects/UnderSeaRepo/Content/StarterContent/Textures/T_Ground_Gravel_D.uasset" 2048
"E:/Unreal Projects/UnderSeaRepo/Content/StarterContent/Textures/T_Ground_Gravel_D.ubulk" 2049
"E:/Unreal Projects/UnderSeaRepo/Content/StarterContent/Textures/T_Ground_Gravel_D.uexp" 2050
"E:/Unreal Projects/UnderSeaRepo/Content/StarterContent/Materials/M_Ground_Gravel.uasset" 2051
"E:/Unreal Projects/UnderSeaRepo/Content/StarterContent/Materials/M_Ground_Gravel.uexp" 2052
"E:/Unreal Projects/UnderSeaRepo/Content/StarterContent/Textures/T_Door_N.uasset" 2053
"E:/Unreal Projects/UnderSeaRepo/Content/StarterContent/Textures/T_Door_N.ubulk" 2054
"E:/Unreal Projects/UnderSeaRepo/Content/StarterContent/Textures/T_Door_N.uexp" 2055
"E:/Unreal Projects/UnderSeaRepo/Content/StarterContent/Textures/T_Door_M.uasset" 2056
"E:/Unreal Projects/UnderSeaRepo/Content/StarterContent/Textures/T_Door_M.ubulk" 2057
"E:/Unreal Projects/UnderSeaRepo/Content/StarterContent/Textures/T_Door_M.uexp" 2058
"E:/Unreal Projects/UnderSeaRepo/Content/StarterContent/Props/Materials/M_Door.uasset" 2059
"E:/Unreal Projects/UnderSeaRepo/Content/StarterContent/Props/Materials/M_Door.uexp" 2060
"E:/Unreal Projects/UnderSeaRepo/Content/StarterContent/Props/SM_Door.uasset" 2061
"E:/Unreal Projects/UnderSeaRepo/Content/StarterContent/Props/SM_Door.ubulk" 2062
"E:/Unreal Projects/UnderSeaRepo/Content/StarterContent/Props/SM_Door.uexp" 2063
"E:/Unreal Projects/UnderSeaRepo/Content/Maps/BPP_SharkBuilding.uasset" 2064
"E:/Unreal Projects/UnderSeaRepo/Content/Maps/BPP_SharkBuilding.uexp" 2065
"E:/Unreal Projects/UnderSeaRepo/Content/Fab/Megascans/Surfaces/Striped_Asphalt_ufoidcskw/Medium/T_ufoidcskw_2K_B.uasset" 2066
"E:/Unreal Projects/UnderSeaRepo/Content/Fab/Megascans/Surfaces/Striped_Asphalt_ufoidcskw/Medium/T_ufoidcskw_2K_B.ubulk" 2067
"E:/Unreal Projects/UnderSeaRepo/Content/Fab/Megascans/Surfaces/Striped_Asphalt_ufoidcskw/Medium/T_ufoidcskw_2K_B.uexp" 2068
"E:/Unreal Projects/UnderSeaRepo/Content/Fab/Megascans/Surfaces/Striped_Asphalt_ufoidcskw/Medium/T_ufoidcskw_2K_N.uasset" 2069
"E:/Unreal Projects/UnderSeaRepo/Content/Fab/Megascans/Surfaces/Striped_Asphalt_ufoidcskw/Medium/T_ufoidcskw_2K_N.ubulk" 2070
"E:/Unreal Projects/UnderSeaRepo/Content/Fab/Megascans/Surfaces/Striped_Asphalt_ufoidcskw/Medium/T_ufoidcskw_2K_N.uexp" 2071
"E:/Unreal Projects/UnderSeaRepo/Content/Fab/Megascans/Surfaces/Striped_Asphalt_ufoidcskw/Medium/T_ufoidcskw_2K_ORM.uasset" 2072
"E:/Unreal Projects/UnderSeaRepo/Content/Fab/Megascans/Surfaces/Striped_Asphalt_ufoidcskw/Medium/T_ufoidcskw_2K_ORM.ubulk" 2073
"E:/Unreal Projects/UnderSeaRepo/Content/Fab/Megascans/Surfaces/Striped_Asphalt_ufoidcskw/Medium/T_ufoidcskw_2K_ORM.uexp" 2074
"E:/Unreal Projects/UnderSeaRepo/Content/Fab/Megascans/Surfaces/Striped_Asphalt_ufoidcskw/Medium/MI_ufoidcskw.uasset" 2075
"E:/Unreal Projects/UnderSeaRepo/Content/Fab/Megascans/Surfaces/Striped_Asphalt_ufoidcskw/Medium/MI_ufoidcskw.uexp" 2076
"E:/Unreal Projects/UnderSeaRepo/Content/StylizedNaturePack/Rocks/Meshes/SM_Rock5.uasset" 2077
"E:/Unreal Projects/UnderSeaRepo/Content/StylizedNaturePack/Rocks/Meshes/SM_Rock5.ubulk" 2078
"E:/Unreal Projects/UnderSeaRepo/Content/StylizedNaturePack/Rocks/Meshes/SM_Rock5.uexp" 2079
"E:/Unreal Projects/UnderSeaRepo/Content/StylizedNaturePack/Foliage/Fern/Meshes/SM_Fern4.uasset" 2080
"E:/Unreal Projects/UnderSeaRepo/Content/StylizedNaturePack/Foliage/Fern/Meshes/SM_Fern4.ubulk" 2081
"E:/Unreal Projects/UnderSeaRepo/Content/StylizedNaturePack/Foliage/Fern/Meshes/SM_Fern4.uexp" 2082
"E:/Unreal Projects/UnderSeaRepo/Content/PCG_Foliage.uasset" 2083
"E:/Unreal Projects/UnderSeaRepo/Content/PCG_Foliage.uexp" 2084
"E:/Unreal Projects/UnderSeaRepo/Content/Assets/LochNessMonster/texture_0.uasset" 2085
"E:/Unreal Projects/UnderSeaRepo/Content/Assets/LochNessMonster/texture_0.ubulk" 2086
"E:/Unreal Projects/UnderSeaRepo/Content/Assets/LochNessMonster/texture_0.uexp" 2087
"E:/Unreal Projects/UnderSeaRepo/Content/Assets/LochNessMonster/Material_001.uasset" 2088
"E:/Unreal Projects/UnderSeaRepo/Content/Assets/LochNessMonster/Material_001.uexp" 2089
"E:/Unreal Projects/UnderSeaRepo/Content/Assets/LochNessMonster/loch_ness_monster_hug_0225010135_texture.uasset" 2090
"E:/Unreal Projects/UnderSeaRepo/Content/Assets/LochNessMonster/loch_ness_monster_hug_0225010135_texture.ubulk" 2091
"E:/Unreal Projects/UnderSeaRepo/Content/Assets/LochNessMonster/loch_ness_monster_hug_0225010135_texture.uexp" 2092
"E:/Unreal Projects/UnderSeaRepo/Content/StarterContent/Textures/T_Brick_Clay_New_D.uasset" 2093
"E:/Unreal Projects/UnderSeaRepo/Content/StarterContent/Textures/T_Brick_Clay_New_D.ubulk" 2094
"E:/Unreal Projects/UnderSeaRepo/Content/StarterContent/Textures/T_Brick_Clay_New_D.uexp" 2095
"E:/Unreal Projects/UnderSeaRepo/Content/StarterContent/Textures/T_Brick_Clay_New_M.uasset" 2096
"E:/Unreal Projects/UnderSeaRepo/Content/StarterContent/Textures/T_Brick_Clay_New_M.uexp" 2097
"E:/Unreal Projects/UnderSeaRepo/Content/StarterContent/Textures/T_Brick_Clay_New_N.uasset" 2098
"E:/Unreal Projects/UnderSeaRepo/Content/StarterContent/Textures/T_Brick_Clay_New_N.uexp" 2099
"E:/Unreal Projects/UnderSeaRepo/Content/StarterContent/Materials/M_Brick_Clay_New.uasset" 2100
"E:/Unreal Projects/UnderSeaRepo/Content/StarterContent/Materials/M_Brick_Clay_New.uexp" 2101
"E:/Unreal Projects/UnderSeaRepo/Content/Maps/BPP_LochNessMonsterBuilding.uasset" 2102
"E:/Unreal Projects/UnderSeaRepo/Content/Maps/BPP_LochNessMonsterBuilding.uexp" 2103
"E:/Unreal Projects/UnderSeaRepo/Content/Assets/Gate2/texture_0.uasset" 2104
"E:/Unreal Projects/UnderSeaRepo/Content/Assets/Gate2/texture_0.ubulk" 2105
"E:/Unreal Projects/UnderSeaRepo/Content/Assets/Gate2/texture_0.uexp" 2106
"E:/Unreal Projects/UnderSeaRepo/Content/Assets/Gate2/Material_001.uasset" 2107
"E:/Unreal Projects/UnderSeaRepo/Content/Assets/Gate2/Material_001.uexp" 2108
"E:/Unreal Projects/UnderSeaRepo/Content/Assets/Gate2/underwater_stylized_g_0225013502_texture.uasset" 2109
"E:/Unreal Projects/UnderSeaRepo/Content/Assets/Gate2/underwater_stylized_g_0225013502_texture.ubulk" 2110
"E:/Unreal Projects/UnderSeaRepo/Content/Assets/Gate2/underwater_stylized_g_0225013502_texture.uexp" 2111
"E:/Unreal Projects/UnderSeaRepo/Content/Fab/Megascans/Surfaces/Rough_Asphalt_vl4kfaflw/Medium/T_vl4kfaflw_2K_N.uasset" 2112
"E:/Unreal Projects/UnderSeaRepo/Content/Fab/Megascans/Surfaces/Rough_Asphalt_vl4kfaflw/Medium/T_vl4kfaflw_2K_N.ubulk" 2113
"E:/Unreal Projects/UnderSeaRepo/Content/Fab/Megascans/Surfaces/Rough_Asphalt_vl4kfaflw/Medium/T_vl4kfaflw_2K_N.uexp" 2114
"E:/Unreal Projects/UnderSeaRepo/Content/Fab/Megascans/Surfaces/Rough_Asphalt_vl4kfaflw/Medium/T_vl4kfaflw_2K_ORM.uasset" 2115
"E:/Unreal Projects/UnderSeaRepo/Content/Fab/Megascans/Surfaces/Rough_Asphalt_vl4kfaflw/Medium/T_vl4kfaflw_2K_ORM.ubulk" 2116
"E:/Unreal Projects/UnderSeaRepo/Content/Fab/Megascans/Surfaces/Rough_Asphalt_vl4kfaflw/Medium/T_vl4kfaflw_2K_ORM.uexp" 2117
"E:/Unreal Projects/UnderSeaRepo/Content/Fab/Megascans/Surfaces/Rough_Asphalt_vl4kfaflw/Medium/T_vl4kfaflw_2K_B.uasset" 2118
"E:/Unreal Projects/UnderSeaRepo/Content/Fab/Megascans/Surfaces/Rough_Asphalt_vl4kfaflw/Medium/T_vl4kfaflw_2K_B.ubulk" 2119
"E:/Unreal Projects/UnderSeaRepo/Content/Fab/Megascans/Surfaces/Rough_Asphalt_vl4kfaflw/Medium/T_vl4kfaflw_2K_B.uexp" 2120
"E:/Unreal Projects/UnderSeaRepo/Content/Fab/Megascans/Surfaces/Rough_Asphalt_vl4kfaflw/Medium/MI_vl4kfaflw.uasset" 2121
"E:/Unreal Projects/UnderSeaRepo/Content/Fab/Megascans/Surfaces/Rough_Asphalt_vl4kfaflw/Medium/MI_vl4kfaflw.uexp" 2122
"../../../Engine/Plugins/Experimental/Water/Content/Materials/HLOD/HLODWater.uasset" 2123
"../../../Engine/Plugins/Experimental/Water/Content/Materials/HLOD/HLODWater.uexp" 2124
"../../../Engine/Plugins/Experimental/Water/Content/Materials/WaterSurface/LODs/Water_Material_Ocean_LOD.uasset" 2125
"../../../Engine/Plugins/Experimental/Water/Content/Materials/WaterSurface/LODs/Water_Material_Ocean_LOD.uexp" 2126
"../../../Engine/Content/EngineMaterials/DefaultPhysicalMaterial.uasset" 2127
"../../../Engine/Content/EngineMaterials/DefaultPhysicalMaterial.uexp" 2128
"E:/Unreal Projects/UnderSeaRepo/Content/StarterContent/Textures/T_Wood_Floor_Walnut_M.uasset" 2129
"E:/Unreal Projects/UnderSeaRepo/Content/StarterContent/Textures/T_Wood_Floor_Walnut_M.ubulk" 2130
"E:/Unreal Projects/UnderSeaRepo/Content/StarterContent/Textures/T_Wood_Floor_Walnut_M.uexp" 2131
"E:/Unreal Projects/UnderSeaRepo/Content/StarterContent/Textures/T_Wood_Floor_Walnut_D.uasset" 2132
"E:/Unreal Projects/UnderSeaRepo/Content/StarterContent/Textures/T_Wood_Floor_Walnut_D.ubulk" 2133
"E:/Unreal Projects/UnderSeaRepo/Content/StarterContent/Textures/T_Wood_Floor_Walnut_D.uexp" 2134
"E:/Unreal Projects/UnderSeaRepo/Content/StarterContent/Textures/T_Wood_Floor_Walnut_N.uasset" 2135
"E:/Unreal Projects/UnderSeaRepo/Content/StarterContent/Textures/T_Wood_Floor_Walnut_N.ubulk" 2136
"E:/Unreal Projects/UnderSeaRepo/Content/StarterContent/Textures/T_Wood_Floor_Walnut_N.uexp" 2137
"E:/Unreal Projects/UnderSeaRepo/Content/StarterContent/Materials/M_Wood_Floor_Walnut_Polished.uasset" 2138
"E:/Unreal Projects/UnderSeaRepo/Content/StarterContent/Materials/M_Wood_Floor_Walnut_Polished.uexp" 2139
"E:/Unreal Projects/UnderSeaRepo/Content/Maps/BPP_WoodBuilding.uasset" 2140
"E:/Unreal Projects/UnderSeaRepo/Content/Maps/BPP_WoodBuilding.uexp" 2141
"E:/Unreal Projects/UnderSeaRepo/Content/Maps/BPP_WhiteStripes.uasset" 2142
"E:/Unreal Projects/UnderSeaRepo/Content/Maps/BPP_WhiteStripes.uexp" 2143
"E:/Unreal Projects/UnderSeaRepo/Content/StylizedNaturePack/Foliage/Bush/Meshes/SM_Bush1.uasset" 2144
"E:/Unreal Projects/UnderSeaRepo/Content/StylizedNaturePack/Foliage/Bush/Meshes/SM_Bush1.ubulk" 2145
"E:/Unreal Projects/UnderSeaRepo/Content/StylizedNaturePack/Foliage/Bush/Meshes/SM_Bush1.uexp" 2146
"../../../Engine/Plugins/Experimental/Water/Content/Waves/GerstnerWaves_Ocean.uasset" 2147
"../../../Engine/Plugins/Experimental/Water/Content/Waves/GerstnerWaves_Ocean.uexp" 2148
"../../../Engine/Plugins/Experimental/Water/Content/Curves/FloatCurve.uasset" 2149
"../../../Engine/Plugins/Experimental/Water/Content/Curves/FloatCurve.uexp" 2150
"E:/Unreal Projects/UnderSeaRepo/Content/StylizedNaturePack/Foliage/Flowers/Meshes/SM_Flowers_Pink.uasset" 2151
"E:/Unreal Projects/UnderSeaRepo/Content/StylizedNaturePack/Foliage/Flowers/Meshes/SM_Flowers_Pink.ubulk" 2152
"E:/Unreal Projects/UnderSeaRepo/Content/StylizedNaturePack/Foliage/Flowers/Meshes/SM_Flowers_Pink.uexp" 2153
"E:/Unreal Projects/UnderSeaRepo/Content/StylizedNaturePack/Foliage/Fern/Meshes/SM_Fern2.uasset" 2154
"E:/Unreal Projects/UnderSeaRepo/Content/StylizedNaturePack/Foliage/Fern/Meshes/SM_Fern2.ubulk" 2155
"E:/Unreal Projects/UnderSeaRepo/Content/StylizedNaturePack/Foliage/Fern/Meshes/SM_Fern2.uexp" 2156
"E:/Unreal Projects/UnderSeaRepo/Content/StarterContent/Textures/T_Tech_Hex_Tile_M.uasset" 2157
"E:/Unreal Projects/UnderSeaRepo/Content/StarterContent/Textures/T_Tech_Hex_Tile_M.ubulk" 2158
"E:/Unreal Projects/UnderSeaRepo/Content/StarterContent/Textures/T_Tech_Hex_Tile_M.uexp" 2159
"E:/Unreal Projects/UnderSeaRepo/Content/StarterContent/Textures/T_Tech_Hex_Tile_N.uasset" 2160
"E:/Unreal Projects/UnderSeaRepo/Content/StarterContent/Textures/T_Tech_Hex_Tile_N.ubulk" 2161
"E:/Unreal Projects/UnderSeaRepo/Content/StarterContent/Textures/T_Tech_Hex_Tile_N.uexp" 2162
"E:/Unreal Projects/UnderSeaRepo/Content/StarterContent/Materials/M_Tech_Hex_Tile_Pulse.uasset" 2163
"E:/Unreal Projects/UnderSeaRepo/Content/StarterContent/Materials/M_Tech_Hex_Tile_Pulse.uexp" 2164
"E:/Unreal Projects/UnderSeaRepo/Content/Maps/BPP_GreenBuilding.uasset" 2165
"E:/Unreal Projects/UnderSeaRepo/Content/Maps/BPP_GreenBuilding.uexp" 2166
"E:/Unreal Projects/UnderSeaRepo/Content/StylizedNaturePack/Rocks/Meshes/SM_Rock6.uasset" 2167
"E:/Unreal Projects/UnderSeaRepo/Content/StylizedNaturePack/Rocks/Meshes/SM_Rock6.ubulk" 2168
"E:/Unreal Projects/UnderSeaRepo/Content/StylizedNaturePack/Rocks/Meshes/SM_Rock6.uexp" 2169
"../../../Engine/Content/BasicShapes/Cone.uasset" 2170
"../../../Engine/Content/BasicShapes/Cone.ubulk" 2171
"../../../Engine/Content/BasicShapes/Cone.uexp" 2172
"E:/Unreal Projects/UnderSeaRepo/Content/StarterContent/Textures/T_Metal_Rust_N.uasset" 2173
"E:/Unreal Projects/UnderSeaRepo/Content/StarterContent/Textures/T_Metal_Rust_N.ubulk" 2174
"E:/Unreal Projects/UnderSeaRepo/Content/StarterContent/Textures/T_Metal_Rust_N.uexp" 2175
"E:/Unreal Projects/UnderSeaRepo/Content/StarterContent/Textures/T_Metal_Rust_D.uasset" 2176
"E:/Unreal Projects/UnderSeaRepo/Content/StarterContent/Textures/T_Metal_Rust_D.ubulk" 2177
"E:/Unreal Projects/UnderSeaRepo/Content/StarterContent/Textures/T_Metal_Rust_D.uexp" 2178
"E:/Unreal Projects/UnderSeaRepo/Content/StarterContent/Materials/M_Metal_Rust.uasset" 2179
"E:/Unreal Projects/UnderSeaRepo/Content/StarterContent/Materials/M_Metal_Rust.uexp" 2180
"E:/Unreal Projects/UnderSeaRepo/Content/StarterContent/Materials/M_Wood_Floor_Walnut_Worn.uasset" 2181
"E:/Unreal Projects/UnderSeaRepo/Content/StarterContent/Materials/M_Wood_Floor_Walnut_Worn.uexp" 2182
"E:/Unreal Projects/UnderSeaRepo/Content/StarterContent/Textures/T_Concrete_Grime_D.uasset" 2183
"E:/Unreal Projects/UnderSeaRepo/Content/StarterContent/Textures/T_Concrete_Grime_D.ubulk" 2184
"E:/Unreal Projects/UnderSeaRepo/Content/StarterContent/Textures/T_Concrete_Grime_D.uexp" 2185
"E:/Unreal Projects/UnderSeaRepo/Content/StarterContent/Materials/M_Concrete_Grime.uasset" 2186
"E:/Unreal Projects/UnderSeaRepo/Content/StarterContent/Materials/M_Concrete_Grime.uexp" 2187
"E:/Unreal Projects/UnderSeaRepo/Content/StarterContent/Textures/T_Wood_Oak_N.uasset" 2188
"E:/Unreal Projects/UnderSeaRepo/Content/StarterContent/Textures/T_Wood_Oak_N.ubulk" 2189
"E:/Unreal Projects/UnderSeaRepo/Content/StarterContent/Textures/T_Wood_Oak_N.uexp" 2190
"E:/Unreal Projects/UnderSeaRepo/Content/StarterContent/Textures/T_Wood_Oak_D.uasset" 2191
"E:/Unreal Projects/UnderSeaRepo/Content/StarterContent/Textures/T_Wood_Oak_D.ubulk" 2192
"E:/Unreal Projects/UnderSeaRepo/Content/StarterContent/Textures/T_Wood_Oak_D.uexp" 2193
"E:/Unreal Projects/UnderSeaRepo/Content/StarterContent/Materials/M_Wood_Oak.uasset" 2194
"E:/Unreal Projects/UnderSeaRepo/Content/StarterContent/Materials/M_Wood_Oak.uexp" 2195
"E:/Unreal Projects/UnderSeaRepo/Content/StarterContent/Architecture/Wall_Door_400x400.uasset" 2196
"E:/Unreal Projects/UnderSeaRepo/Content/StarterContent/Architecture/Wall_Door_400x400.ubulk" 2197
"E:/Unreal Projects/UnderSeaRepo/Content/StarterContent/Architecture/Wall_Door_400x400.uexp" 2198
"E:/Unreal Projects/UnderSeaRepo/Content/StarterContent/Textures/T_Rock_Smooth_Granite_D.uasset" 2199
"E:/Unreal Projects/UnderSeaRepo/Content/StarterContent/Textures/T_Rock_Smooth_Granite_D.ubulk" 2200
"E:/Unreal Projects/UnderSeaRepo/Content/StarterContent/Textures/T_Rock_Smooth_Granite_D.uexp" 2201
"E:/Unreal Projects/UnderSeaRepo/Content/StarterContent/Textures/T_CobbleStone_Rough_N.uasset" 2202
"E:/Unreal Projects/UnderSeaRepo/Content/StarterContent/Textures/T_CobbleStone_Rough_N.ubulk" 2203
"E:/Unreal Projects/UnderSeaRepo/Content/StarterContent/Textures/T_CobbleStone_Rough_N.uexp" 2204
"E:/Unreal Projects/UnderSeaRepo/Content/StarterContent/Textures/T_Gradinet_01.uasset" 2205
"E:/Unreal Projects/UnderSeaRepo/Content/StarterContent/Textures/T_Gradinet_01.ubulk" 2206
"E:/Unreal Projects/UnderSeaRepo/Content/StarterContent/Textures/T_Gradinet_01.uexp" 2207
"E:/Unreal Projects/UnderSeaRepo/Content/StarterContent/Textures/T_CobbleStone_Rough_D.uasset" 2208
"E:/Unreal Projects/UnderSeaRepo/Content/StarterContent/Textures/T_CobbleStone_Rough_D.ubulk" 2209
"E:/Unreal Projects/UnderSeaRepo/Content/StarterContent/Textures/T_CobbleStone_Rough_D.uexp" 2210
"E:/Unreal Projects/UnderSeaRepo/Content/StarterContent/Materials/M_CobbleStone_Rough.uasset" 2211
"E:/Unreal Projects/UnderSeaRepo/Content/StarterContent/Materials/M_CobbleStone_Rough.uexp" 2212
"E:/Unreal Projects/UnderSeaRepo/Content/Maps/BPP_House.uasset" 2213
"E:/Unreal Projects/UnderSeaRepo/Content/Maps/BPP_House.uexp" 2214
"E:/Unreal Projects/UnderSeaRepo/Content/StylizedNaturePack/Rocks/Meshes/SM_Rock3.uasset" 2215
"E:/Unreal Projects/UnderSeaRepo/Content/StylizedNaturePack/Rocks/Meshes/SM_Rock3.ubulk" 2216
"E:/Unreal Projects/UnderSeaRepo/Content/StylizedNaturePack/Rocks/Meshes/SM_Rock3.uexp" 2217
"E:/Unreal Projects/UnderSeaRepo/Content/StylizedNaturePack/Rocks/Meshes/SM_Rock1.uasset" 2218
"E:/Unreal Projects/UnderSeaRepo/Content/StylizedNaturePack/Rocks/Meshes/SM_Rock1.ubulk" 2219
"E:/Unreal Projects/UnderSeaRepo/Content/StylizedNaturePack/Rocks/Meshes/SM_Rock1.uexp" 2220
"E:/Unreal Projects/UnderSeaRepo/Content/WaterMaterials/Textures/T_Lake_Waves01.uasset" 2221
"E:/Unreal Projects/UnderSeaRepo/Content/WaterMaterials/Textures/T_Lake_Waves01.uexp" 2222
"E:/Unreal Projects/UnderSeaRepo/Content/WaterMaterials/Textures/T_Water_EdgeNormals.uasset" 2223
"E:/Unreal Projects/UnderSeaRepo/Content/WaterMaterials/Textures/T_Water_EdgeNormals.ubulk" 2224
"E:/Unreal Projects/UnderSeaRepo/Content/WaterMaterials/Textures/T_Water_EdgeNormals.uexp" 2225
"../../../Engine/Content/Functions/Engine_MaterialFunctions02/ExampleContent/DebugNumberStrip.uasset" 2226
"../../../Engine/Content/Functions/Engine_MaterialFunctions02/ExampleContent/DebugNumberStrip.uexp" 2227
"E:/Unreal Projects/UnderSeaRepo/Content/WaterMaterials/Textures/T_Water_Normal_Large.uasset" 2228
"E:/Unreal Projects/UnderSeaRepo/Content/WaterMaterials/Textures/T_Water_Normal_Large.ubulk" 2229
"E:/Unreal Projects/UnderSeaRepo/Content/WaterMaterials/Textures/T_Water_Normal_Large.uexp" 2230
"../../../Engine/Content/Functions/Engine_MaterialFunctions02/ExampleContent/Gradient.uasset" 2231
"../../../Engine/Content/Functions/Engine_MaterialFunctions02/ExampleContent/Gradient.ubulk" 2232
"../../../Engine/Content/Functions/Engine_MaterialFunctions02/ExampleContent/Gradient.uexp" 2233
"../../../Engine/Content/Functions/Engine_MaterialFunctions02/ExampleContent/TextureBasedWPO/DemoBox.uasset" 2234
"../../../Engine/Content/Functions/Engine_MaterialFunctions02/ExampleContent/TextureBasedWPO/DemoBox.uexp" 2235
"../../../Engine/Content/Functions/Engine_MaterialFunctions02/ExampleContent/Greyscale.uasset" 2236
"../../../Engine/Content/Functions/Engine_MaterialFunctions02/ExampleContent/Greyscale.ubulk" 2237
"../../../Engine/Content/Functions/Engine_MaterialFunctions02/ExampleContent/Greyscale.uexp" 2238
"../../../Engine/Content/Functions/Engine_MaterialFunctions01/Texturing/TextureCropping.uasset" 2239
"../../../Engine/Content/Functions/Engine_MaterialFunctions01/Texturing/TextureCropping.uexp" 2240
"../../../Engine/Content/Functions/Engine_MaterialFunctions02/ExampleContent/Textures/DebugNumberPeriod.uasset" 2241
"../../../Engine/Content/Functions/Engine_MaterialFunctions02/ExampleContent/Textures/DebugNumberPeriod.uexp" 2242
"../../../Engine/Content/Functions/Engine_MaterialFunctions02/Utility/DebugScalarValues.uasset" 2243
"../../../Engine/Content/Functions/Engine_MaterialFunctions02/Utility/DebugScalarValues.uexp" 2244
"../../../Engine/Content/Functions/Engine_MaterialFunctions02/Utility/DebugFloat3Values.uasset" 2245
"../../../Engine/Content/Functions/Engine_MaterialFunctions02/Utility/DebugFloat3Values.uexp" 2246
"../../../Engine/Content/Functions/Engine_MaterialFunctions02/Gradients/GradientMap_Multi.uasset" 2247
"../../../Engine/Content/Functions/Engine_MaterialFunctions02/Gradients/GradientMap_Multi.uexp" 2248
"../../../Engine/Content/Functions/Engine_MaterialFunctions02/Utility/BreakOutFloat4Components.uasset" 2249
"../../../Engine/Content/Functions/Engine_MaterialFunctions02/Utility/BreakOutFloat4Components.uexp" 2250
"E:/Unreal Projects/UnderSeaRepo/Content/WaterMaterials/Materials/MF_FixedDepth.uasset" 2251
"E:/Unreal Projects/UnderSeaRepo/Content/WaterMaterials/Materials/MF_FixedDepth.uexp" 2252
"E:/Unreal Projects/UnderSeaRepo/Content/WaterMaterials/Textures/T_Lake_Waves02.uasset" 2253
"E:/Unreal Projects/UnderSeaRepo/Content/WaterMaterials/Textures/T_Lake_Waves02.uexp" 2254
"E:/Unreal Projects/UnderSeaRepo/Content/WaterMaterials/Materials/MPC_Globals.uasset" 2255
"E:/Unreal Projects/UnderSeaRepo/Content/WaterMaterials/Materials/MPC_Globals.uexp" 2256
"E:/Unreal Projects/UnderSeaRepo/Content/WaterMaterials/Textures/T_Cubemap.uasset" 2257
"E:/Unreal Projects/UnderSeaRepo/Content/WaterMaterials/Textures/T_Cubemap.uexp" 2258
"../../../Engine/Content/Functions/Engine_MaterialFunctions02/PassThrough.uasset" 2259
"../../../Engine/Content/Functions/Engine_MaterialFunctions02/PassThrough.uexp" 2260
"E:/Unreal Projects/UnderSeaRepo/Content/WaterMaterials/Textures/T_SpecularHighlights.uasset" 2261
"E:/Unreal Projects/UnderSeaRepo/Content/WaterMaterials/Textures/T_SpecularHighlights.ubulk" 2262
"E:/Unreal Projects/UnderSeaRepo/Content/WaterMaterials/Textures/T_SpecularHighlights.uexp" 2263
"E:/Unreal Projects/UnderSeaRepo/Content/WaterMaterials/Textures/T_Lake_Waves02_Normals.uasset" 2264
"E:/Unreal Projects/UnderSeaRepo/Content/WaterMaterials/Textures/T_Lake_Waves02_Normals.uexp" 2265
"E:/Unreal Projects/UnderSeaRepo/Content/WaterMaterials/Textures/T_Lake_Waves01_Normals.uasset" 2266
"E:/Unreal Projects/UnderSeaRepo/Content/WaterMaterials/Textures/T_Lake_Waves01_Normals.uexp" 2267
"../../../Engine/Content/Functions/Engine_MaterialFunctions02/ExampleContent/TextureBasedWPO/DemoBox_Normals.uasset" 2268
"../../../Engine/Content/Functions/Engine_MaterialFunctions02/ExampleContent/TextureBasedWPO/DemoBox_Normals.uexp" 2269
"../../../Engine/Content/Functions/Engine_MaterialFunctions02/Utility/DebugFloat4Values.uasset" 2270
"../../../Engine/Content/Functions/Engine_MaterialFunctions02/Utility/DebugFloat4Values.uexp" 2271
"../../../Engine/Content/Functions/Engine_MaterialFunctions02/Normals/UnpackNormalFromFloat.uasset" 2272
"../../../Engine/Content/Functions/Engine_MaterialFunctions02/Normals/UnpackNormalFromFloat.uexp" 2273
"../../../Engine/Content/Functions/Engine_MaterialFunctions02/MAXScripts/MS_VertexAnimationTools_MorphTargets.uasset" 2274
"../../../Engine/Content/Functions/Engine_MaterialFunctions02/MAXScripts/MS_VertexAnimationTools_MorphTargets.uexp" 2275
"E:/Unreal Projects/UnderSeaRepo/Content/WaterMaterials/Textures/T_Noises.uasset" 2276
"E:/Unreal Projects/UnderSeaRepo/Content/WaterMaterials/Textures/T_Noises.ubulk" 2277
"E:/Unreal Projects/UnderSeaRepo/Content/WaterMaterials/Textures/T_Noises.uexp" 2278
"E:/Unreal Projects/UnderSeaRepo/Content/WaterMaterials/Materials/MF_RiverWavesWPO.uasset" 2279
"E:/Unreal Projects/UnderSeaRepo/Content/WaterMaterials/Materials/MF_RiverWavesWPO.uexp" 2280
"E:/Unreal Projects/UnderSeaRepo/Content/WaterMaterials/Materials/MF_FakeSpecular.uasset" 2281
"E:/Unreal Projects/UnderSeaRepo/Content/WaterMaterials/Materials/MF_FakeSpecular.uexp" 2282
"../../../Engine/Content/Functions/Engine_MaterialFunctions02/Utility/Swizzle.uasset" 2283
"../../../Engine/Content/Functions/Engine_MaterialFunctions02/Utility/Swizzle.uexp" 2284
"E:/Unreal Projects/UnderSeaRepo/Content/WaterMaterials/Textures/T_Water_Normal_Subtle.uasset" 2285
"E:/Unreal Projects/UnderSeaRepo/Content/WaterMaterials/Textures/T_Water_Normal_Subtle.ubulk" 2286
"E:/Unreal Projects/UnderSeaRepo/Content/WaterMaterials/Textures/T_Water_Normal_Subtle.uexp" 2287
"E:/Unreal Projects/UnderSeaRepo/Content/WaterMaterials/Textures/T_Water_Normal.uasset" 2288
"E:/Unreal Projects/UnderSeaRepo/Content/WaterMaterials/Textures/T_Water_Normal.ubulk" 2289
"E:/Unreal Projects/UnderSeaRepo/Content/WaterMaterials/Textures/T_Water_Normal.uexp" 2290
"E:/Unreal Projects/UnderSeaRepo/Content/WaterMaterials/Materials/MF_RiverDepth_UVs.uasset" 2291
"E:/Unreal Projects/UnderSeaRepo/Content/WaterMaterials/Materials/MF_RiverDepth_UVs.uexp" 2292
"E:/Unreal Projects/UnderSeaRepo/Content/WaterMaterials/Materials/M_Lake_Cheaper.uasset" 2293
"E:/Unreal Projects/UnderSeaRepo/Content/WaterMaterials/Materials/M_Lake_Cheaper.uexp" 2294
"E:/Unreal Projects/UnderSeaRepo/Content/WaterMaterials/Materials/MIC_Lake_Waterfall_Cheaper.uasset" 2295
"E:/Unreal Projects/UnderSeaRepo/Content/WaterMaterials/Materials/MIC_Lake_Waterfall_Cheaper.uexp" 2296
"E:/Unreal Projects/UnderSeaRepo/Content/StylizedNaturePack/Trees/Materials/Sumac/Textures/Sumac_Leaves/T_Leaves_With_Line_Mask.uasset" 2297
"E:/Unreal Projects/UnderSeaRepo/Content/StylizedNaturePack/Trees/Materials/Sumac/Textures/Sumac_Leaves/T_Leaves_With_Line_Mask.ubulk" 2298
"E:/Unreal Projects/UnderSeaRepo/Content/StylizedNaturePack/Trees/Materials/Sumac/Textures/Sumac_Leaves/T_Leaves_With_Line_Mask.uexp" 2299
"E:/Unreal Projects/UnderSeaRepo/Content/StylizedNaturePack/Trees/Materials/Sumac/Textures/Sumac_Leaves/T_Leaves_With_Line.uasset" 2300
"E:/Unreal Projects/UnderSeaRepo/Content/StylizedNaturePack/Trees/Materials/Sumac/Textures/Sumac_Leaves/T_Leaves_With_Line.ubulk" 2301
"E:/Unreal Projects/UnderSeaRepo/Content/StylizedNaturePack/Trees/Materials/Sumac/Textures/Sumac_Leaves/T_Leaves_With_Line.uexp" 2302
"E:/Unreal Projects/UnderSeaRepo/Content/StylizedNaturePack/Trees/Materials/Sumac/M_Leaves_Line.uasset" 2303
"E:/Unreal Projects/UnderSeaRepo/Content/StylizedNaturePack/Trees/Materials/Sumac/M_Leaves_Line.uexp" 2304
"E:/Unreal Projects/UnderSeaRepo/Content/StylizedNaturePack/Trees/Materials/Sumac/MI_Leaves_Line.uasset" 2305
"E:/Unreal Projects/UnderSeaRepo/Content/StylizedNaturePack/Trees/Materials/Sumac/MI_Leaves_Line.uexp" 2306
"E:/Unreal Projects/UnderSeaRepo/Content/StylizedNaturePack/Trees/Materials/Sumac/Textures/Tree_Sumac_1/T_Stylized_Tree1_Low_Tree1_Bark_Normal.uasset" 2307
"E:/Unreal Projects/UnderSeaRepo/Content/StylizedNaturePack/Trees/Materials/Sumac/Textures/Tree_Sumac_1/T_Stylized_Tree1_Low_Tree1_Bark_Normal.ubulk" 2308
"E:/Unreal Projects/UnderSeaRepo/Content/StylizedNaturePack/Trees/Materials/Sumac/Textures/Tree_Sumac_1/T_Stylized_Tree1_Low_Tree1_Bark_Normal.uexp" 2309
"E:/Unreal Projects/UnderSeaRepo/Content/StylizedNaturePack/Trees/Materials/Sumac/Textures/Tree_Sumac_1/T_Stylized_Tree1_Low_Tree1_Bark_OcclusionRoughnessMetallic.uasset" 2310
"E:/Unreal Projects/UnderSeaRepo/Content/StylizedNaturePack/Trees/Materials/Sumac/Textures/Tree_Sumac_1/T_Stylized_Tree1_Low_Tree1_Bark_OcclusionRoughnessMetallic.ubulk" 2311
"E:/Unreal Projects/UnderSeaRepo/Content/StylizedNaturePack/Trees/Materials/Sumac/Textures/Tree_Sumac_1/T_Stylized_Tree1_Low_Tree1_Bark_OcclusionRoughnessMetallic.uexp" 2312
"E:/Unreal Projects/UnderSeaRepo/Content/StylizedNaturePack/Trees/Materials/Sumac/Textures/Tree_Sumac_1/T_Stylized_Tree1_Low_Tree1_Bark_BaseColor.uasset" 2313
"E:/Unreal Projects/UnderSeaRepo/Content/StylizedNaturePack/Trees/Materials/Sumac/Textures/Tree_Sumac_1/T_Stylized_Tree1_Low_Tree1_Bark_BaseColor.ubulk" 2314
"E:/Unreal Projects/UnderSeaRepo/Content/StylizedNaturePack/Trees/Materials/Sumac/Textures/Tree_Sumac_1/T_Stylized_Tree1_Low_Tree1_Bark_BaseColor.uexp" 2315
"E:/Unreal Projects/UnderSeaRepo/Content/StylizedNaturePack/Trees/Materials/Sumac/M_Tree_Sumac_1.uasset" 2316
"E:/Unreal Projects/UnderSeaRepo/Content/StylizedNaturePack/Trees/Materials/Sumac/M_Tree_Sumac_1.uexp" 2317
"E:/Unreal Projects/UnderSeaRepo/Content/StylizedNaturePack/Trees/Meshes/SM_Tree_Sumac_1.uasset" 2318
"E:/Unreal Projects/UnderSeaRepo/Content/StylizedNaturePack/Trees/Meshes/SM_Tree_Sumac_1.ubulk" 2319
"E:/Unreal Projects/UnderSeaRepo/Content/StylizedNaturePack/Trees/Meshes/SM_Tree_Sumac_1.uexp" 2320
"E:/Unreal Projects/UnderSeaRepo/Content/StylizedNaturePack/Trees/Materials/Sumac/Textures/Tree_Sumac_2/T_Stylized_Tree2_Low_Material_001_OcclusionRoughnessMetallic.uasset" 2321
"E:/Unreal Projects/UnderSeaRepo/Content/StylizedNaturePack/Trees/Materials/Sumac/Textures/Tree_Sumac_2/T_Stylized_Tree2_Low_Material_001_OcclusionRoughnessMetallic.ubulk" 2322
"E:/Unreal Projects/UnderSeaRepo/Content/StylizedNaturePack/Trees/Materials/Sumac/Textures/Tree_Sumac_2/T_Stylized_Tree2_Low_Material_001_OcclusionRoughnessMetallic.uexp" 2323
"E:/Unreal Projects/UnderSeaRepo/Content/StylizedNaturePack/Trees/Materials/Sumac/Textures/Tree_Sumac_2/T_Stylized_Tree2_Low_Material_001_BaseColor.uasset" 2324
"E:/Unreal Projects/UnderSeaRepo/Content/StylizedNaturePack/Trees/Materials/Sumac/Textures/Tree_Sumac_2/T_Stylized_Tree2_Low_Material_001_BaseColor.ubulk" 2325
"E:/Unreal Projects/UnderSeaRepo/Content/StylizedNaturePack/Trees/Materials/Sumac/Textures/Tree_Sumac_2/T_Stylized_Tree2_Low_Material_001_BaseColor.uexp" 2326
"E:/Unreal Projects/UnderSeaRepo/Content/StylizedNaturePack/Trees/Materials/Sumac/Textures/Tree_Sumac_2/T_Stylized_Tree2_Low_Material_001_Normal.uasset" 2327
"E:/Unreal Projects/UnderSeaRepo/Content/StylizedNaturePack/Trees/Materials/Sumac/Textures/Tree_Sumac_2/T_Stylized_Tree2_Low_Material_001_Normal.ubulk" 2328
"E:/Unreal Projects/UnderSeaRepo/Content/StylizedNaturePack/Trees/Materials/Sumac/Textures/Tree_Sumac_2/T_Stylized_Tree2_Low_Material_001_Normal.uexp" 2329
"E:/Unreal Projects/UnderSeaRepo/Content/StylizedNaturePack/Trees/Materials/Sumac/M_Tree_Sumac_2.uasset" 2330
"E:/Unreal Projects/UnderSeaRepo/Content/StylizedNaturePack/Trees/Materials/Sumac/M_Tree_Sumac_2.uexp" 2331
"E:/Unreal Projects/UnderSeaRepo/Content/StylizedNaturePack/Trees/Meshes/SM_Tree_Sumac_2.uasset" 2332
"E:/Unreal Projects/UnderSeaRepo/Content/StylizedNaturePack/Trees/Meshes/SM_Tree_Sumac_2.ubulk" 2333
"E:/Unreal Projects/UnderSeaRepo/Content/StylizedNaturePack/Trees/Meshes/SM_Tree_Sumac_2.uexp" 2334
"E:/Unreal Projects/UnderSeaRepo/Content/StylizedNaturePack/Trees/Materials/Sumac/Textures/Tree_Sumac_3/T_Stylized_Tree3_Low_Material_001_Normal.uasset" 2335
"E:/Unreal Projects/UnderSeaRepo/Content/StylizedNaturePack/Trees/Materials/Sumac/Textures/Tree_Sumac_3/T_Stylized_Tree3_Low_Material_001_Normal.ubulk" 2336
"E:/Unreal Projects/UnderSeaRepo/Content/StylizedNaturePack/Trees/Materials/Sumac/Textures/Tree_Sumac_3/T_Stylized_Tree3_Low_Material_001_Normal.uexp" 2337
"E:/Unreal Projects/UnderSeaRepo/Content/StylizedNaturePack/Trees/Materials/Sumac/Textures/Tree_Sumac_3/T_Stylized_Tree3_Low_Material_001_OcclusionRoughnessMetallic.uasset" 2338
"E:/Unreal Projects/UnderSeaRepo/Content/StylizedNaturePack/Trees/Materials/Sumac/Textures/Tree_Sumac_3/T_Stylized_Tree3_Low_Material_001_OcclusionRoughnessMetallic.ubulk" 2339
"E:/Unreal Projects/UnderSeaRepo/Content/StylizedNaturePack/Trees/Materials/Sumac/Textures/Tree_Sumac_3/T_Stylized_Tree3_Low_Material_001_OcclusionRoughnessMetallic.uexp" 2340
"E:/Unreal Projects/UnderSeaRepo/Content/StylizedNaturePack/Trees/Materials/Sumac/Textures/Tree_Sumac_3/T_Stylized_Tree3_Low_Material_001_BaseColor.uasset" 2341
"E:/Unreal Projects/UnderSeaRepo/Content/StylizedNaturePack/Trees/Materials/Sumac/Textures/Tree_Sumac_3/T_Stylized_Tree3_Low_Material_001_BaseColor.ubulk" 2342
"E:/Unreal Projects/UnderSeaRepo/Content/StylizedNaturePack/Trees/Materials/Sumac/Textures/Tree_Sumac_3/T_Stylized_Tree3_Low_Material_001_BaseColor.uexp" 2343
"E:/Unreal Projects/UnderSeaRepo/Content/StylizedNaturePack/Trees/Materials/Sumac/M_Tree_Sumac_3.uasset" 2344
"E:/Unreal Projects/UnderSeaRepo/Content/StylizedNaturePack/Trees/Materials/Sumac/M_Tree_Sumac_3.uexp" 2345
"E:/Unreal Projects/UnderSeaRepo/Content/StylizedNaturePack/Trees/Meshes/SM_Tree_Sumac_3.uasset" 2346
"E:/Unreal Projects/UnderSeaRepo/Content/StylizedNaturePack/Trees/Meshes/SM_Tree_Sumac_3.ubulk" 2347
"E:/Unreal Projects/UnderSeaRepo/Content/StylizedNaturePack/Trees/Meshes/SM_Tree_Sumac_3.uexp" 2348
"../../../Engine/Content/Functions/Engine_MaterialFunctions01/Volumetrics/SchlickPhase.uasset" 2349
"../../../Engine/Content/Functions/Engine_MaterialFunctions01/Volumetrics/SchlickPhase.uexp" 2350
"../../../Engine/Plugins/Experimental/Water/Content/Materials/PostProcessing/M_UnderWater_PostProcess_Volume.uasset" 2351
"../../../Engine/Plugins/Experimental/Water/Content/Materials/PostProcessing/M_UnderWater_PostProcess_Volume.uexp" 2352
"E:/Unreal Projects/UnderSeaRepo/Content/StylizedNaturePack/Rocks/Meshes/SM_Rock7.uasset" 2353
"E:/Unreal Projects/UnderSeaRepo/Content/StylizedNaturePack/Rocks/Meshes/SM_Rock7.ubulk" 2354
"E:/Unreal Projects/UnderSeaRepo/Content/StylizedNaturePack/Rocks/Meshes/SM_Rock7.uexp" 2355
"E:/Unreal Projects/UnderSeaRepo/Content/StylizedNaturePack/Rocks/Meshes/SM_Rock8.uasset" 2356
"E:/Unreal Projects/UnderSeaRepo/Content/StylizedNaturePack/Rocks/Meshes/SM_Rock8.ubulk" 2357
"E:/Unreal Projects/UnderSeaRepo/Content/StylizedNaturePack/Rocks/Meshes/SM_Rock8.uexp" 2358
"E:/Unreal Projects/UnderSeaRepo/Content/Assets/Octopus/texture_0.uasset" 2359
"E:/Unreal Projects/UnderSeaRepo/Content/Assets/Octopus/texture_0.ubulk" 2360
"E:/Unreal Projects/UnderSeaRepo/Content/Assets/Octopus/texture_0.uexp" 2361
"E:/Unreal Projects/UnderSeaRepo/Content/Assets/Octopus/Material_001.uasset" 2362
"E:/Unreal Projects/UnderSeaRepo/Content/Assets/Octopus/Material_001.uexp" 2363
"E:/Unreal Projects/UnderSeaRepo/Content/Assets/Octopus/a_huge_octopus_low_po_0225005710_texture.uasset" 2364
"E:/Unreal Projects/UnderSeaRepo/Content/Assets/Octopus/a_huge_octopus_low_po_0225005710_texture.ubulk" 2365
"E:/Unreal Projects/UnderSeaRepo/Content/Assets/Octopus/a_huge_octopus_low_po_0225005710_texture.uexp" 2366
"E:/Unreal Projects/UnderSeaRepo/Content/Maps/BPP_OctopusBuilding.uasset" 2367
"E:/Unreal Projects/UnderSeaRepo/Content/Maps/BPP_OctopusBuilding.uexp" 2368
"E:/Unreal Projects/UnderSeaRepo/Content/StylizedNaturePack/Foliage/Fern/Meshes/SM_Fern6.uasset" 2369
"E:/Unreal Projects/UnderSeaRepo/Content/StylizedNaturePack/Foliage/Fern/Meshes/SM_Fern6.ubulk" 2370
"E:/Unreal Projects/UnderSeaRepo/Content/StylizedNaturePack/Foliage/Fern/Meshes/SM_Fern6.uexp" 2371
"E:/Unreal Projects/UnderSeaRepo/Content/StylizedNaturePack/Foliage/Grass/Materials/M_Grass_Overall.uasset" 2372
"E:/Unreal Projects/UnderSeaRepo/Content/StylizedNaturePack/Foliage/Grass/Materials/M_Grass_Overall.uexp" 2373
"E:/Unreal Projects/UnderSeaRepo/Content/StylizedNaturePack/Foliage/Grass/Materials/MI_Grass_Overall.uasset" 2374
"E:/Unreal Projects/UnderSeaRepo/Content/StylizedNaturePack/Foliage/Grass/Materials/MI_Grass_Overall.uexp" 2375
"E:/Unreal Projects/UnderSeaRepo/Content/StylizedNaturePack/Foliage/Grass/Meshes/SM_Grass.uasset" 2376
"E:/Unreal Projects/UnderSeaRepo/Content/StylizedNaturePack/Foliage/Grass/Meshes/SM_Grass.ubulk" 2377
"E:/Unreal Projects/UnderSeaRepo/Content/StylizedNaturePack/Foliage/Grass/Meshes/SM_Grass.uexp" 2378
"E:/Unreal Projects/UnderSeaRepo/Content/StylizedNaturePack/Foliage/Bush/Meshes/SM_Bush3.uasset" 2379
"E:/Unreal Projects/UnderSeaRepo/Content/StylizedNaturePack/Foliage/Bush/Meshes/SM_Bush3.ubulk" 2380
"E:/Unreal Projects/UnderSeaRepo/Content/StylizedNaturePack/Foliage/Bush/Meshes/SM_Bush3.uexp" 2381
"E:/Unreal Projects/UnderSeaRepo/Content/StarterContent/Textures/T_Ground_Grass_D.uasset" 2382
"E:/Unreal Projects/UnderSeaRepo/Content/StarterContent/Textures/T_Ground_Grass_D.ubulk" 2383
"E:/Unreal Projects/UnderSeaRepo/Content/StarterContent/Textures/T_Ground_Grass_D.uexp" 2384
"E:/Unreal Projects/UnderSeaRepo/Content/StarterContent/Textures/T_Ground_Grass_N.uasset" 2385
"E:/Unreal Projects/UnderSeaRepo/Content/StarterContent/Textures/T_Ground_Grass_N.ubulk" 2386
"E:/Unreal Projects/UnderSeaRepo/Content/StarterContent/Textures/T_Ground_Grass_N.uexp" 2387
"E:/Unreal Projects/UnderSeaRepo/Content/StarterContent/Materials/M_Ground_Grass.uasset" 2388
"E:/Unreal Projects/UnderSeaRepo/Content/StarterContent/Materials/M_Ground_Grass.uexp" 2389
"E:/Unreal Projects/UnderSeaRepo/Content/StylizedNaturePack/Foliage/Fern/Meshes/SM_Fern3.uasset" 2390
"E:/Unreal Projects/UnderSeaRepo/Content/StylizedNaturePack/Foliage/Fern/Meshes/SM_Fern3.ubulk" 2391
"E:/Unreal Projects/UnderSeaRepo/Content/StylizedNaturePack/Foliage/Fern/Meshes/SM_Fern3.uexp" 2392
"E:/Unreal Projects/UnderSeaRepo/Content/StarterContent/Textures/T_Statue_M.uasset" 2393
"E:/Unreal Projects/UnderSeaRepo/Content/StarterContent/Textures/T_Statue_M.ubulk" 2394
"E:/Unreal Projects/UnderSeaRepo/Content/StarterContent/Textures/T_Statue_M.uexp" 2395
"E:/Unreal Projects/UnderSeaRepo/Content/StarterContent/Textures/T_Statue_N.uasset" 2396
"E:/Unreal Projects/UnderSeaRepo/Content/StarterContent/Textures/T_Statue_N.ubulk" 2397
"E:/Unreal Projects/UnderSeaRepo/Content/StarterContent/Textures/T_Statue_N.uexp" 2398
"E:/Unreal Projects/UnderSeaRepo/Content/StarterContent/Props/Materials/M_StatueGlass.uasset" 2399
"E:/Unreal Projects/UnderSeaRepo/Content/StarterContent/Props/Materials/M_StatueGlass.uexp" 2400
"E:/Unreal Projects/UnderSeaRepo/Content/FirstLevel.umap" 2401
"E:/Unreal Projects/UnderSeaRepo/Content/FirstLevel.ubulk" 2402
"E:/Unreal Projects/UnderSeaRepo/Content/FirstLevel.uexp" 2403
"E:/Unreal Projects/UnderSeaRepo/Content/Maps/OctopusBuilding.umap" 2404
"E:/Unreal Projects/UnderSeaRepo/Content/Maps/OctopusBuilding.uexp" 2405
"E:/Unreal Projects/UnderSeaRepo/Content/Maps/House.umap" 2406
"E:/Unreal Projects/UnderSeaRepo/Content/Maps/House.uexp" 2407
"E:/Unreal Projects/UnderSeaRepo/Content/Maps/GreenBuilding.umap" 2408
"E:/Unreal Projects/UnderSeaRepo/Content/Maps/GreenBuilding.uexp" 2409
"E:/Unreal Projects/UnderSeaRepo/Content/Maps/WhiteStripes.umap" 2410
"E:/Unreal Projects/UnderSeaRepo/Content/Maps/WhiteStripes.uexp" 2411
"E:/Unreal Projects/UnderSeaRepo/Content/Maps/WoodBuilding.umap" 2412
"E:/Unreal Projects/UnderSeaRepo/Content/Maps/WoodBuilding.uexp" 2413
"E:/Unreal Projects/UnderSeaRepo/Content/Maps/LochNessMonsterBuilding.umap" 2414
"E:/Unreal Projects/UnderSeaRepo/Content/Maps/LochNessMonsterBuilding.uexp" 2415
"E:/Unreal Projects/UnderSeaRepo/Content/Maps/SharkBuilding.umap" 2416
"E:/Unreal Projects/UnderSeaRepo/Content/Maps/SharkBuilding.uexp" 2417
"E:/Unreal Projects/UnderSeaRepo/Content/Maps/WhaleSchool.umap" 2418
"E:/Unreal Projects/UnderSeaRepo/Content/Maps/WhaleSchool.uexp" 2419
"E:/Unreal Projects/UnderSeaRepo/Content/Levels/ThirdPersonMap.umap" 2420
"E:/Unreal Projects/UnderSeaRepo/Content/Levels/ThirdPersonMap.uexp" 2421
"E:/Unreal Projects/UnderSeaRepo/Content/UI/Icons/bg.uasset" 2422
"E:/Unreal Projects/UnderSeaRepo/Content/UI/Icons/bg.uexp" 2423
"E:/Unreal Projects/UnderSeaRepo/Content/UI/WBP_Controls.uasset" 2424
"E:/Unreal Projects/UnderSeaRepo/Content/UI/WBP_Controls.uexp" 2425
"E:/Unreal Projects/UnderSeaRepo/Content/UI/WBP_MainMenu.uasset" 2426
"E:/Unreal Projects/UnderSeaRepo/Content/UI/WBP_MainMenu.uexp" 2427
"E:/Unreal Projects/UnderSeaRepo/Content/Levels/Level_MainMenu.umap" 2428
"E:/Unreal Projects/UnderSeaRepo/Content/Levels/Level_MainMenu.uexp" 2429
"E:/Unreal Projects/UnderSeaRepo/Content/StarterContent/Materials/M_Metal_Brushed_Nickel.uasset" 2430
"E:/Unreal Projects/UnderSeaRepo/Content/StarterContent/Materials/M_Metal_Brushed_Nickel.uexp" 2431
"E:/Unreal Projects/UnderSeaRepo/Content/StarterContent/Textures/T_Lamp_N.uasset" 2432
"E:/Unreal Projects/UnderSeaRepo/Content/StarterContent/Textures/T_Lamp_N.ubulk" 2433
"E:/Unreal Projects/UnderSeaRepo/Content/StarterContent/Textures/T_Lamp_N.uexp" 2434
"E:/Unreal Projects/UnderSeaRepo/Content/StarterContent/Textures/T_Lamp_M.uasset" 2435
"E:/Unreal Projects/UnderSeaRepo/Content/StarterContent/Textures/T_Lamp_M.ubulk" 2436
"E:/Unreal Projects/UnderSeaRepo/Content/StarterContent/Textures/T_Lamp_M.uexp" 2437
"E:/Unreal Projects/UnderSeaRepo/Content/StarterContent/Props/Materials/M_Lamp.uasset" 2438
"E:/Unreal Projects/UnderSeaRepo/Content/StarterContent/Props/Materials/M_Lamp.uexp" 2439
"E:/Unreal Projects/UnderSeaRepo/Content/StarterContent/Props/SM_Lamp_Ceiling.uasset" 2440
"E:/Unreal Projects/UnderSeaRepo/Content/StarterContent/Props/SM_Lamp_Ceiling.ubulk" 2441
"E:/Unreal Projects/UnderSeaRepo/Content/StarterContent/Props/SM_Lamp_Ceiling.uexp" 2442
"E:/Unreal Projects/UnderSeaRepo/Content/StarterContent/Blueprints/Blueprint_CeilingLight.uasset" 2443
"E:/Unreal Projects/UnderSeaRepo/Content/StarterContent/Blueprints/Blueprint_CeilingLight.uexp" 2444
"../../../Engine/Content/EngineMaterials/AntiAliasedTextMaterialTranslucent.uasset" 2445
"../../../Engine/Content/EngineMaterials/AntiAliasedTextMaterialTranslucent.uexp" 2446
"E:/Unreal Projects/UnderSeaRepo/Content/StarterContent/Architecture/Wall_Door_400x300.uasset" 2447
"E:/Unreal Projects/UnderSeaRepo/Content/StarterContent/Architecture/Wall_Door_400x300.ubulk" 2448
"E:/Unreal Projects/UnderSeaRepo/Content/StarterContent/Architecture/Wall_Door_400x300.uexp" 2449
"E:/Unreal Projects/UnderSeaRepo/Content/StarterContent/Textures/T_CobbleStone_Smooth_D.uasset" 2450
"E:/Unreal Projects/UnderSeaRepo/Content/StarterContent/Textures/T_CobbleStone_Smooth_D.ubulk" 2451
"E:/Unreal Projects/UnderSeaRepo/Content/StarterContent/Textures/T_CobbleStone_Smooth_D.uexp" 2452
"E:/Unreal Projects/UnderSeaRepo/Content/StarterContent/Textures/T_CobbleStone_Smooth_M.uasset" 2453
"E:/Unreal Projects/UnderSeaRepo/Content/StarterContent/Textures/T_CobbleStone_Smooth_M.ubulk" 2454
"E:/Unreal Projects/UnderSeaRepo/Content/StarterContent/Textures/T_CobbleStone_Smooth_M.uexp" 2455
"E:/Unreal Projects/UnderSeaRepo/Content/StarterContent/Textures/T_CobbleStone_Smooth_N.uasset" 2456
"E:/Unreal Projects/UnderSeaRepo/Content/StarterContent/Textures/T_CobbleStone_Smooth_N.ubulk" 2457
"E:/Unreal Projects/UnderSeaRepo/Content/StarterContent/Textures/T_CobbleStone_Smooth_N.uexp" 2458
"E:/Unreal Projects/UnderSeaRepo/Content/StarterContent/Materials/M_CobbleStone_Smooth.uasset" 2459
"E:/Unreal Projects/UnderSeaRepo/Content/StarterContent/Materials/M_CobbleStone_Smooth.uexp" 2460
"E:/Unreal Projects/UnderSeaRepo/Content/StarterContent/Textures/T_Rock_Basalt_N.uasset" 2461
"E:/Unreal Projects/UnderSeaRepo/Content/StarterContent/Textures/T_Rock_Basalt_N.ubulk" 2462
"E:/Unreal Projects/UnderSeaRepo/Content/StarterContent/Textures/T_Rock_Basalt_N.uexp" 2463
"E:/Unreal Projects/UnderSeaRepo/Content/StarterContent/Materials/M_Rock_Basalt.uasset" 2464
"E:/Unreal Projects/UnderSeaRepo/Content/StarterContent/Materials/M_Rock_Basalt.uexp" 2465
"E:/Unreal Projects/UnderSeaRepo/Content/StarterContent/Shapes/Shape_Cube.uasset" 2466
"E:/Unreal Projects/UnderSeaRepo/Content/StarterContent/Shapes/Shape_Cube.ubulk" 2467
"E:/Unreal Projects/UnderSeaRepo/Content/StarterContent/Shapes/Shape_Cube.uexp" 2468
"E:/Unreal Projects/UnderSeaRepo/Content/StarterContent/Props/MaterialSphere.uasset" 2469
"E:/Unreal Projects/UnderSeaRepo/Content/StarterContent/Props/MaterialSphere.ubulk" 2470
"E:/Unreal Projects/UnderSeaRepo/Content/StarterContent/Props/MaterialSphere.uexp" 2471
"E:/Unreal Projects/UnderSeaRepo/Content/StarterContent/Textures/T_Rock_Slate_D.uasset" 2472
"E:/Unreal Projects/UnderSeaRepo/Content/StarterContent/Textures/T_Rock_Slate_D.ubulk" 2473
"E:/Unreal Projects/UnderSeaRepo/Content/StarterContent/Textures/T_Rock_Slate_D.uexp" 2474
"E:/Unreal Projects/UnderSeaRepo/Content/StarterContent/Textures/T_Rock_Slate_N.uasset" 2475
"E:/Unreal Projects/UnderSeaRepo/Content/StarterContent/Textures/T_Rock_Slate_N.ubulk" 2476
"E:/Unreal Projects/UnderSeaRepo/Content/StarterContent/Textures/T_Rock_Slate_N.uexp" 2477
"E:/Unreal Projects/UnderSeaRepo/Content/StarterContent/Materials/M_Rock_Slate.uasset" 2478
"E:/Unreal Projects/UnderSeaRepo/Content/StarterContent/Materials/M_Rock_Slate.uexp" 2479
"E:/Unreal Projects/UnderSeaRepo/Content/StarterContent/Textures/T_Concrete_Poured_D.uasset" 2480
"E:/Unreal Projects/UnderSeaRepo/Content/StarterContent/Textures/T_Concrete_Poured_D.ubulk" 2481
"E:/Unreal Projects/UnderSeaRepo/Content/StarterContent/Textures/T_Concrete_Poured_D.uexp" 2482
"E:/Unreal Projects/UnderSeaRepo/Content/StarterContent/Textures/T_Concrete_Poured_N.uasset" 2483
"E:/Unreal Projects/UnderSeaRepo/Content/StarterContent/Textures/T_Concrete_Poured_N.ubulk" 2484
"E:/Unreal Projects/UnderSeaRepo/Content/StarterContent/Textures/T_Concrete_Poured_N.uexp" 2485
"E:/Unreal Projects/UnderSeaRepo/Content/StarterContent/Materials/M_Concrete_Poured.uasset" 2486
"E:/Unreal Projects/UnderSeaRepo/Content/StarterContent/Materials/M_Concrete_Poured.uexp" 2487
"E:/Unreal Projects/UnderSeaRepo/Content/StarterContent/Textures/T_Brick_Clay_Beveled_M.uasset" 2488
"E:/Unreal Projects/UnderSeaRepo/Content/StarterContent/Textures/T_Brick_Clay_Beveled_M.ubulk" 2489
"E:/Unreal Projects/UnderSeaRepo/Content/StarterContent/Textures/T_Brick_Clay_Beveled_M.uexp" 2490
"E:/Unreal Projects/UnderSeaRepo/Content/StarterContent/Textures/T_Brick_Clay_Beveled_N.uasset" 2491
"E:/Unreal Projects/UnderSeaRepo/Content/StarterContent/Textures/T_Brick_Clay_Beveled_N.ubulk" 2492
"E:/Unreal Projects/UnderSeaRepo/Content/StarterContent/Textures/T_Brick_Clay_Beveled_N.uexp" 2493
"E:/Unreal Projects/UnderSeaRepo/Content/StarterContent/Textures/T_Brick_Clay_Beveled_D.uasset" 2494
"E:/Unreal Projects/UnderSeaRepo/Content/StarterContent/Textures/T_Brick_Clay_Beveled_D.ubulk" 2495
"E:/Unreal Projects/UnderSeaRepo/Content/StarterContent/Textures/T_Brick_Clay_Beveled_D.uexp" 2496
"E:/Unreal Projects/UnderSeaRepo/Content/StarterContent/Materials/M_Brick_Clay_Beveled.uasset" 2497
"E:/Unreal Projects/UnderSeaRepo/Content/StarterContent/Materials/M_Brick_Clay_Beveled.uexp" 2498
"E:/Unreal Projects/UnderSeaRepo/Content/StarterContent/Materials/M_Tech_Hex_Tile.uasset" 2499
"E:/Unreal Projects/UnderSeaRepo/Content/StarterContent/Materials/M_Tech_Hex_Tile.uexp" 2500
"E:/Unreal Projects/UnderSeaRepo/Content/StarterContent/Audio/Steam01_Cue.uasset" 2501
"E:/Unreal Projects/UnderSeaRepo/Content/StarterContent/Audio/Steam01_Cue.uexp" 2502
"E:/Unreal Projects/UnderSeaRepo/Content/StarterContent/Particles/P_Steam_Lit.uasset" 2503
"E:/Unreal Projects/UnderSeaRepo/Content/StarterContent/Particles/P_Steam_Lit.uexp" 2504
"E:/Unreal Projects/UnderSeaRepo/Content/StarterContent/Blueprints/Blueprint_Effect_Steam.uasset" 2505
"E:/Unreal Projects/UnderSeaRepo/Content/StarterContent/Blueprints/Blueprint_Effect_Steam.uexp" 2506
"E:/Unreal Projects/UnderSeaRepo/Content/StarterContent/Audio/Fire_Sparks01_Cue.uasset" 2507
"E:/Unreal Projects/UnderSeaRepo/Content/StarterContent/Audio/Fire_Sparks01_Cue.uexp" 2508
"E:/Unreal Projects/UnderSeaRepo/Content/StarterContent/Textures/T_Spark_Core.uasset" 2509
"E:/Unreal Projects/UnderSeaRepo/Content/StarterContent/Textures/T_Spark_Core.ubulk" 2510
"E:/Unreal Projects/UnderSeaRepo/Content/StarterContent/Textures/T_Spark_Core.uexp" 2511
"E:/Unreal Projects/UnderSeaRepo/Content/StarterContent/Particles/Materials/M_Spark.uasset" 2512
"E:/Unreal Projects/UnderSeaRepo/Content/StarterContent/Particles/Materials/M_Spark.uexp" 2513
"E:/Unreal Projects/UnderSeaRepo/Content/StarterContent/Particles/Materials/M_Radial_Gradient.uasset" 2514
"E:/Unreal Projects/UnderSeaRepo/Content/StarterContent/Particles/Materials/M_Radial_Gradient.uexp" 2515
"E:/Unreal Projects/UnderSeaRepo/Content/StarterContent/Particles/P_Sparks.uasset" 2516
"E:/Unreal Projects/UnderSeaRepo/Content/StarterContent/Particles/P_Sparks.uexp" 2517
"E:/Unreal Projects/UnderSeaRepo/Content/StarterContent/Blueprints/Blueprint_Effect_Sparks.uasset" 2518
"E:/Unreal Projects/UnderSeaRepo/Content/StarterContent/Blueprints/Blueprint_Effect_Sparks.uexp" 2519
"E:/Unreal Projects/UnderSeaRepo/Content/StarterContent/Textures/T_Water_N.uasset" 2520
"E:/Unreal Projects/UnderSeaRepo/Content/StarterContent/Textures/T_Water_N.ubulk" 2521
"E:/Unreal Projects/UnderSeaRepo/Content/StarterContent/Textures/T_Water_N.uexp" 2522
"E:/Unreal Projects/UnderSeaRepo/Content/StarterContent/Materials/M_Water_Lake.uasset" 2523
"E:/Unreal Projects/UnderSeaRepo/Content/StarterContent/Materials/M_Water_Lake.uexp" 2524
"E:/Unreal Projects/UnderSeaRepo/Content/StarterContent/Architecture/Wall_400x200.uasset" 2525
"E:/Unreal Projects/UnderSeaRepo/Content/StarterContent/Architecture/Wall_400x200.ubulk" 2526
"E:/Unreal Projects/UnderSeaRepo/Content/StarterContent/Architecture/Wall_400x200.uexp" 2527
"E:/Unreal Projects/UnderSeaRepo/Content/StarterContent/Textures/T_Checker_Noise_M.uasset" 2528
"E:/Unreal Projects/UnderSeaRepo/Content/StarterContent/Textures/T_Checker_Noise_M.ubulk" 2529
"E:/Unreal Projects/UnderSeaRepo/Content/StarterContent/Textures/T_Checker_Noise_M.uexp" 2530
"E:/Unreal Projects/UnderSeaRepo/Content/StarterContent/Textures/T_Tech_Dot_M.uasset" 2531
"E:/Unreal Projects/UnderSeaRepo/Content/StarterContent/Textures/T_Tech_Dot_M.ubulk" 2532
"E:/Unreal Projects/UnderSeaRepo/Content/StarterContent/Textures/T_Tech_Dot_M.uexp" 2533
"E:/Unreal Projects/UnderSeaRepo/Content/StarterContent/Textures/T_Tech_Dot_N.uasset" 2534
"E:/Unreal Projects/UnderSeaRepo/Content/StarterContent/Textures/T_Tech_Dot_N.ubulk" 2535
"E:/Unreal Projects/UnderSeaRepo/Content/StarterContent/Textures/T_Tech_Dot_N.uexp" 2536
"E:/Unreal Projects/UnderSeaRepo/Content/StarterContent/Textures/T_Single_Tile_N.uasset" 2537
"E:/Unreal Projects/UnderSeaRepo/Content/StarterContent/Textures/T_Single_Tile_N.ubulk" 2538
"E:/Unreal Projects/UnderSeaRepo/Content/StarterContent/Textures/T_Single_Tile_N.uexp" 2539
"E:/Unreal Projects/UnderSeaRepo/Content/StarterContent/Materials/M_Tech_Checker_Dot.uasset" 2540
"E:/Unreal Projects/UnderSeaRepo/Content/StarterContent/Materials/M_Tech_Checker_Dot.uexp" 2541
"E:/Unreal Projects/UnderSeaRepo/Content/StarterContent/Architecture/Floor_400x400.uasset" 2542
"E:/Unreal Projects/UnderSeaRepo/Content/StarterContent/Architecture/Floor_400x400.ubulk" 2543
"E:/Unreal Projects/UnderSeaRepo/Content/StarterContent/Architecture/Floor_400x400.uexp" 2544
"E:/Unreal Projects/UnderSeaRepo/Content/StarterContent/Materials/M_Glass.uasset" 2545
"E:/Unreal Projects/UnderSeaRepo/Content/StarterContent/Materials/M_Glass.uexp" 2546
"E:/Unreal Projects/UnderSeaRepo/Content/StarterContent/Props/SM_GlassWindow.uasset" 2547
"E:/Unreal Projects/UnderSeaRepo/Content/StarterContent/Props/SM_GlassWindow.ubulk" 2548
"E:/Unreal Projects/UnderSeaRepo/Content/StarterContent/Props/SM_GlassWindow.uexp" 2549
"E:/Unreal Projects/UnderSeaRepo/Content/StarterContent/Textures/T_Metal_Gold_N.uasset" 2550
"E:/Unreal Projects/UnderSeaRepo/Content/StarterContent/Textures/T_Metal_Gold_N.ubulk" 2551
"E:/Unreal Projects/UnderSeaRepo/Content/StarterContent/Textures/T_Metal_Gold_N.uexp" 2552
"E:/Unreal Projects/UnderSeaRepo/Content/StarterContent/Textures/T_Rock_Marble_Polished_D.uasset" 2553
"E:/Unreal Projects/UnderSeaRepo/Content/StarterContent/Textures/T_Rock_Marble_Polished_D.ubulk" 2554
"E:/Unreal Projects/UnderSeaRepo/Content/StarterContent/Textures/T_Rock_Marble_Polished_D.uexp" 2555
"E:/Unreal Projects/UnderSeaRepo/Content/StarterContent/Materials/M_Rock_Marble_Polished.uasset" 2556
"E:/Unreal Projects/UnderSeaRepo/Content/StarterContent/Materials/M_Rock_Marble_Polished.uexp" 2557
"E:/Unreal Projects/UnderSeaRepo/Content/StarterContent/Textures/T_Ceramic_Tile_M.uasset" 2558
"E:/Unreal Projects/UnderSeaRepo/Content/StarterContent/Textures/T_Ceramic_Tile_M.ubulk" 2559
"E:/Unreal Projects/UnderSeaRepo/Content/StarterContent/Textures/T_Ceramic_Tile_M.uexp" 2560
"E:/Unreal Projects/UnderSeaRepo/Content/StarterContent/Textures/T_Ceramic_Tile_N.uasset" 2561
"E:/Unreal Projects/UnderSeaRepo/Content/StarterContent/Textures/T_Ceramic_Tile_N.ubulk" 2562
"E:/Unreal Projects/UnderSeaRepo/Content/StarterContent/Textures/T_Ceramic_Tile_N.uexp" 2563
"E:/Unreal Projects/UnderSeaRepo/Content/StarterContent/Materials/M_Ceramic_Tile_Checker.uasset" 2564
"E:/Unreal Projects/UnderSeaRepo/Content/StarterContent/Materials/M_Ceramic_Tile_Checker.uexp" 2565
"E:/Unreal Projects/UnderSeaRepo/Content/StarterContent/Textures/T_Rock_Sandstone_N.uasset" 2566
"E:/Unreal Projects/UnderSeaRepo/Content/StarterContent/Textures/T_Rock_Sandstone_N.ubulk" 2567
"E:/Unreal Projects/UnderSeaRepo/Content/StarterContent/Textures/T_Rock_Sandstone_N.uexp" 2568
"E:/Unreal Projects/UnderSeaRepo/Content/StarterContent/Textures/T_Rock_Sandstone_D.uasset" 2569
"E:/Unreal Projects/UnderSeaRepo/Content/StarterContent/Textures/T_Rock_Sandstone_D.ubulk" 2570
"E:/Unreal Projects/UnderSeaRepo/Content/StarterContent/Textures/T_Rock_Sandstone_D.uexp" 2571
"E:/Unreal Projects/UnderSeaRepo/Content/StarterContent/Materials/M_Rock_Sandstone.uasset" 2572
"E:/Unreal Projects/UnderSeaRepo/Content/StarterContent/Materials/M_Rock_Sandstone.uexp" 2573
"E:/Unreal Projects/UnderSeaRepo/Content/StarterContent/Textures/T_Wood_Walnut_N.uasset" 2574
"E:/Unreal Projects/UnderSeaRepo/Content/StarterContent/Textures/T_Wood_Walnut_N.ubulk" 2575
"E:/Unreal Projects/UnderSeaRepo/Content/StarterContent/Textures/T_Wood_Walnut_N.uexp" 2576
"E:/Unreal Projects/UnderSeaRepo/Content/StarterContent/Textures/T_Wood_Walnut_D.uasset" 2577
"E:/Unreal Projects/UnderSeaRepo/Content/StarterContent/Textures/T_Wood_Walnut_D.ubulk" 2578
"E:/Unreal Projects/UnderSeaRepo/Content/StarterContent/Textures/T_Wood_Walnut_D.uexp" 2579
"E:/Unreal Projects/UnderSeaRepo/Content/StarterContent/Materials/M_Wood_Walnut.uasset" 2580
"E:/Unreal Projects/UnderSeaRepo/Content/StarterContent/Materials/M_Wood_Walnut.uexp" 2581
"E:/Unreal Projects/UnderSeaRepo/Content/StarterContent/Audio/Collapse_Cue.uasset" 2582
"E:/Unreal Projects/UnderSeaRepo/Content/StarterContent/Audio/Collapse_Cue.uexp" 2583
"E:/Unreal Projects/UnderSeaRepo/Content/StarterContent/Textures/T_Brick_Cut_Stone_N.uasset" 2584
"E:/Unreal Projects/UnderSeaRepo/Content/StarterContent/Textures/T_Brick_Cut_Stone_N.ubulk" 2585
"E:/Unreal Projects/UnderSeaRepo/Content/StarterContent/Textures/T_Brick_Cut_Stone_N.uexp" 2586
"E:/Unreal Projects/UnderSeaRepo/Content/StarterContent/Textures/T_Brick_Cut_Stone_D.uasset" 2587
"E:/Unreal Projects/UnderSeaRepo/Content/StarterContent/Textures/T_Brick_Cut_Stone_D.ubulk" 2588
"E:/Unreal Projects/UnderSeaRepo/Content/StarterContent/Textures/T_Brick_Cut_Stone_D.uexp" 2589
"E:/Unreal Projects/UnderSeaRepo/Content/StarterContent/Materials/M_Brick_Cut_Stone.uasset" 2590
"E:/Unreal Projects/UnderSeaRepo/Content/StarterContent/Materials/M_Brick_Cut_Stone.uexp" 2591
"E:/Unreal Projects/UnderSeaRepo/Content/StarterContent/Textures/T_Dust_Particle_D.uasset" 2592
"E:/Unreal Projects/UnderSeaRepo/Content/StarterContent/Textures/T_Dust_Particle_D.ubulk" 2593
"E:/Unreal Projects/UnderSeaRepo/Content/StarterContent/Textures/T_Dust_Particle_D.uexp" 2594
"E:/Unreal Projects/UnderSeaRepo/Content/StarterContent/Particles/Materials/M_Dust_Particle.uasset" 2595
"E:/Unreal Projects/UnderSeaRepo/Content/StarterContent/Particles/Materials/M_Dust_Particle.uexp" 2596
"E:/Unreal Projects/UnderSeaRepo/Content/StarterContent/Particles/P_Ambient_Dust.uasset" 2597
"E:/Unreal Projects/UnderSeaRepo/Content/StarterContent/Particles/P_Ambient_Dust.uexp" 2598
"E:/Unreal Projects/UnderSeaRepo/Content/StarterContent/Props/SM_WindowFrame.uasset" 2599
"E:/Unreal Projects/UnderSeaRepo/Content/StarterContent/Props/SM_WindowFrame.ubulk" 2600
"E:/Unreal Projects/UnderSeaRepo/Content/StarterContent/Props/SM_WindowFrame.uexp" 2601
"E:/Unreal Projects/UnderSeaRepo/Content/StarterContent/Textures/T_Metal_Copper_D.uasset" 2602
"E:/Unreal Projects/UnderSeaRepo/Content/StarterContent/Textures/T_Metal_Copper_D.ubulk" 2603
"E:/Unreal Projects/UnderSeaRepo/Content/StarterContent/Textures/T_Metal_Copper_D.uexp" 2604
"E:/Unreal Projects/UnderSeaRepo/Content/StarterContent/Materials/M_Metal_Copper.uasset" 2605
"E:/Unreal Projects/UnderSeaRepo/Content/StarterContent/Materials/M_Metal_Copper.uexp" 2606
"E:/Unreal Projects/UnderSeaRepo/Content/StarterContent/Textures/T_Water_M.uasset" 2607
"E:/Unreal Projects/UnderSeaRepo/Content/StarterContent/Textures/T_Water_M.ubulk" 2608
"E:/Unreal Projects/UnderSeaRepo/Content/StarterContent/Textures/T_Water_M.uexp" 2609
"E:/Unreal Projects/UnderSeaRepo/Content/StarterContent/Materials/M_Water_Ocean.uasset" 2610
"E:/Unreal Projects/UnderSeaRepo/Content/StarterContent/Materials/M_Water_Ocean.uexp" 2611
"E:/Unreal Projects/UnderSeaRepo/Content/StarterContent/Textures/T_Brick_Clay_Old_N.uasset" 2612
"E:/Unreal Projects/UnderSeaRepo/Content/StarterContent/Textures/T_Brick_Clay_Old_N.ubulk" 2613
"E:/Unreal Projects/UnderSeaRepo/Content/StarterContent/Textures/T_Brick_Clay_Old_N.uexp" 2614
"E:/Unreal Projects/UnderSeaRepo/Content/StarterContent/Textures/T_Brick_Clay_Old_D.uasset" 2615
"E:/Unreal Projects/UnderSeaRepo/Content/StarterContent/Textures/T_Brick_Clay_Old_D.ubulk" 2616
"E:/Unreal Projects/UnderSeaRepo/Content/StarterContent/Textures/T_Brick_Clay_Old_D.uexp" 2617
"E:/Unreal Projects/UnderSeaRepo/Content/StarterContent/Materials/M_Brick_Clay_Old.uasset" 2618
"E:/Unreal Projects/UnderSeaRepo/Content/StarterContent/Materials/M_Brick_Clay_Old.uexp" 2619
"E:/Unreal Projects/UnderSeaRepo/Content/StarterContent/Textures/T_Metal_Steel_D.uasset" 2620
"E:/Unreal Projects/UnderSeaRepo/Content/StarterContent/Textures/T_Metal_Steel_D.ubulk" 2621
"E:/Unreal Projects/UnderSeaRepo/Content/StarterContent/Textures/T_Metal_Steel_D.uexp" 2622
"E:/Unreal Projects/UnderSeaRepo/Content/StarterContent/Textures/T_Metal_Steel_N.uasset" 2623
"E:/Unreal Projects/UnderSeaRepo/Content/StarterContent/Textures/T_Metal_Steel_N.ubulk" 2624
"E:/Unreal Projects/UnderSeaRepo/Content/StarterContent/Textures/T_Metal_Steel_N.uexp" 2625
"E:/Unreal Projects/UnderSeaRepo/Content/StarterContent/Materials/M_Metal_Steel.uasset" 2626
"E:/Unreal Projects/UnderSeaRepo/Content/StarterContent/Materials/M_Metal_Steel.uexp" 2627
"E:/Unreal Projects/UnderSeaRepo/Content/StarterContent/Props/SM_Lamp_Wall.uasset" 2628
"E:/Unreal Projects/UnderSeaRepo/Content/StarterContent/Props/SM_Lamp_Wall.ubulk" 2629
"E:/Unreal Projects/UnderSeaRepo/Content/StarterContent/Props/SM_Lamp_Wall.uexp" 2630
"E:/Unreal Projects/UnderSeaRepo/Content/StarterContent/Blueprints/Blueprint_WallSconce.uasset" 2631
"E:/Unreal Projects/UnderSeaRepo/Content/StarterContent/Blueprints/Blueprint_WallSconce.uexp" 2632
"E:/Unreal Projects/UnderSeaRepo/Content/StarterContent/Textures/T_Tech_Panel_N.uasset" 2633
"E:/Unreal Projects/UnderSeaRepo/Content/StarterContent/Textures/T_Tech_Panel_N.ubulk" 2634
"E:/Unreal Projects/UnderSeaRepo/Content/StarterContent/Textures/T_Tech_Panel_N.uexp" 2635
"E:/Unreal Projects/UnderSeaRepo/Content/StarterContent/Textures/T_Tech_Panel_M.uasset" 2636
"E:/Unreal Projects/UnderSeaRepo/Content/StarterContent/Textures/T_Tech_Panel_M.ubulk" 2637
"E:/Unreal Projects/UnderSeaRepo/Content/StarterContent/Textures/T_Tech_Panel_M.uexp" 2638
"E:/Unreal Projects/UnderSeaRepo/Content/StarterContent/Materials/M_Tech_Panel.uasset" 2639
"E:/Unreal Projects/UnderSeaRepo/Content/StarterContent/Materials/M_Tech_Panel.uexp" 2640
"E:/Unreal Projects/UnderSeaRepo/Content/StarterContent/Props/SM_PillarFrame.uasset" 2641
"E:/Unreal Projects/UnderSeaRepo/Content/StarterContent/Props/SM_PillarFrame.ubulk" 2642
"E:/Unreal Projects/UnderSeaRepo/Content/StarterContent/Props/SM_PillarFrame.uexp" 2643
"E:/Unreal Projects/UnderSeaRepo/Content/StarterContent/Textures/T_TableRound_N.uasset" 2644
"E:/Unreal Projects/UnderSeaRepo/Content/StarterContent/Textures/T_TableRound_N.ubulk" 2645
"E:/Unreal Projects/UnderSeaRepo/Content/StarterContent/Textures/T_TableRound_N.uexp" 2646
"E:/Unreal Projects/UnderSeaRepo/Content/StarterContent/Textures/T_TableRound_M.uasset" 2647
"E:/Unreal Projects/UnderSeaRepo/Content/StarterContent/Textures/T_TableRound_M.ubulk" 2648
"E:/Unreal Projects/UnderSeaRepo/Content/StarterContent/Textures/T_TableRound_M.uexp" 2649
"E:/Unreal Projects/UnderSeaRepo/Content/StarterContent/Props/Materials/M_TableRound.uasset" 2650
"E:/Unreal Projects/UnderSeaRepo/Content/StarterContent/Props/Materials/M_TableRound.uexp" 2651
"E:/Unreal Projects/UnderSeaRepo/Content/StarterContent/Props/SM_TableRound.uasset" 2652
"E:/Unreal Projects/UnderSeaRepo/Content/StarterContent/Props/SM_TableRound.ubulk" 2653
"E:/Unreal Projects/UnderSeaRepo/Content/StarterContent/Props/SM_TableRound.uexp" 2654
"E:/Unreal Projects/UnderSeaRepo/Content/StarterContent/Textures/T_Fire_Tiled_D.uasset" 2655
"E:/Unreal Projects/UnderSeaRepo/Content/StarterContent/Textures/T_Fire_Tiled_D.ubulk" 2656
"E:/Unreal Projects/UnderSeaRepo/Content/StarterContent/Textures/T_Fire_Tiled_D.uexp" 2657
"E:/Unreal Projects/UnderSeaRepo/Content/StarterContent/Textures/T_Fire_SubUV.uasset" 2658
"E:/Unreal Projects/UnderSeaRepo/Content/StarterContent/Textures/T_Fire_SubUV.ubulk" 2659
"E:/Unreal Projects/UnderSeaRepo/Content/StarterContent/Textures/T_Fire_SubUV.uexp" 2660
"E:/Unreal Projects/UnderSeaRepo/Content/StarterContent/Particles/Materials/M_Fire_SubUV.uasset" 2661
"E:/Unreal Projects/UnderSeaRepo/Content/StarterContent/Particles/Materials/M_Fire_SubUV.uexp" 2662
"E:/Unreal Projects/UnderSeaRepo/Content/StarterContent/Particles/Materials/M_Heat_Distortion.uasset" 2663
"E:/Unreal Projects/UnderSeaRepo/Content/StarterContent/Particles/Materials/M_Heat_Distortion.uexp" 2664
"E:/Unreal Projects/UnderSeaRepo/Content/StarterContent/Particles/P_Fire.uasset" 2665
"E:/Unreal Projects/UnderSeaRepo/Content/StarterContent/Particles/P_Fire.uexp" 2666
"E:/Unreal Projects/UnderSeaRepo/Content/StarterContent/Audio/Fire01_Cue.uasset" 2667
"E:/Unreal Projects/UnderSeaRepo/Content/StarterContent/Audio/Fire01_Cue.uexp" 2668
"E:/Unreal Projects/UnderSeaRepo/Content/StarterContent/Blueprints/Blueprint_Effect_Fire.uasset" 2669
"E:/Unreal Projects/UnderSeaRepo/Content/StarterContent/Blueprints/Blueprint_Effect_Fire.uexp" 2670
"E:/Unreal Projects/UnderSeaRepo/Content/StarterContent/Textures/T_Brick_Hewn_Stone_N.uasset" 2671
"E:/Unreal Projects/UnderSeaRepo/Content/StarterContent/Textures/T_Brick_Hewn_Stone_N.ubulk" 2672
"E:/Unreal Projects/UnderSeaRepo/Content/StarterContent/Textures/T_Brick_Hewn_Stone_N.uexp" 2673
"E:/Unreal Projects/UnderSeaRepo/Content/StarterContent/Textures/T_Brick_Hewn_Stone_D.uasset" 2674
"E:/Unreal Projects/UnderSeaRepo/Content/StarterContent/Textures/T_Brick_Hewn_Stone_D.ubulk" 2675
"E:/Unreal Projects/UnderSeaRepo/Content/StarterContent/Textures/T_Brick_Hewn_Stone_D.uexp" 2676
"E:/Unreal Projects/UnderSeaRepo/Content/StarterContent/Textures/T_Brick_Hewn_Stone_M.uasset" 2677
"E:/Unreal Projects/UnderSeaRepo/Content/StarterContent/Textures/T_Brick_Hewn_Stone_M.ubulk" 2678
"E:/Unreal Projects/UnderSeaRepo/Content/StarterContent/Textures/T_Brick_Hewn_Stone_M.uexp" 2679
"E:/Unreal Projects/UnderSeaRepo/Content/StarterContent/Materials/M_Brick_Hewn_Stone.uasset" 2680
"E:/Unreal Projects/UnderSeaRepo/Content/StarterContent/Materials/M_Brick_Hewn_Stone.uexp" 2681
"E:/Unreal Projects/UnderSeaRepo/Content/StarterContent/Audio/Smoke01_Cue.uasset" 2682
"E:/Unreal Projects/UnderSeaRepo/Content/StarterContent/Audio/Smoke01_Cue.uexp" 2683
"E:/Unreal Projects/UnderSeaRepo/Content/StarterContent/Particles/P_Smoke.uasset" 2684
"E:/Unreal Projects/UnderSeaRepo/Content/StarterContent/Particles/P_Smoke.uexp" 2685
"E:/Unreal Projects/UnderSeaRepo/Content/StarterContent/Blueprints/Blueprint_Effect_Smoke.uasset" 2686
"E:/Unreal Projects/UnderSeaRepo/Content/StarterContent/Blueprints/Blueprint_Effect_Smoke.uexp" 2687
"E:/Unreal Projects/UnderSeaRepo/Content/StarterContent/Props/Materials/M_Statue.uasset" 2688
"E:/Unreal Projects/UnderSeaRepo/Content/StarterContent/Props/Materials/M_Statue.uexp" 2689
"E:/Unreal Projects/UnderSeaRepo/Content/StarterContent/Props/SM_Statue.uasset" 2690
"E:/Unreal Projects/UnderSeaRepo/Content/StarterContent/Props/SM_Statue.ubulk" 2691
"E:/Unreal Projects/UnderSeaRepo/Content/StarterContent/Props/SM_Statue.uexp" 2692
"E:/Unreal Projects/UnderSeaRepo/Content/StarterContent/Textures/T_ground_Moss_D.uasset" 2693
"E:/Unreal Projects/UnderSeaRepo/Content/StarterContent/Textures/T_ground_Moss_D.ubulk" 2694
"E:/Unreal Projects/UnderSeaRepo/Content/StarterContent/Textures/T_ground_Moss_D.uexp" 2695
"E:/Unreal Projects/UnderSeaRepo/Content/StarterContent/Textures/T_Ground_Moss_N.uasset" 2696
"E:/Unreal Projects/UnderSeaRepo/Content/StarterContent/Textures/T_Ground_Moss_N.ubulk" 2697
"E:/Unreal Projects/UnderSeaRepo/Content/StarterContent/Textures/T_Ground_Moss_N.uexp" 2698
"E:/Unreal Projects/UnderSeaRepo/Content/StarterContent/Materials/M_Ground_Moss.uasset" 2699
"E:/Unreal Projects/UnderSeaRepo/Content/StarterContent/Materials/M_Ground_Moss.uexp" 2700
"E:/Unreal Projects/UnderSeaRepo/Content/StarterContent/Props/SM_PillarFrame300.uasset" 2701
"E:/Unreal Projects/UnderSeaRepo/Content/StarterContent/Props/SM_PillarFrame300.ubulk" 2702
"E:/Unreal Projects/UnderSeaRepo/Content/StarterContent/Props/SM_PillarFrame300.uexp" 2703
"E:/Unreal Projects/UnderSeaRepo/Content/StarterContent/Materials/M_Metal_Chrome.uasset" 2704
"E:/Unreal Projects/UnderSeaRepo/Content/StarterContent/Materials/M_Metal_Chrome.uexp" 2705
"E:/Unreal Projects/UnderSeaRepo/Content/StarterContent/Textures/T_Metal_Gold_D.uasset" 2706
"E:/Unreal Projects/UnderSeaRepo/Content/StarterContent/Textures/T_Metal_Gold_D.ubulk" 2707
"E:/Unreal Projects/UnderSeaRepo/Content/StarterContent/Textures/T_Metal_Gold_D.uexp" 2708
"E:/Unreal Projects/UnderSeaRepo/Content/StarterContent/Materials/M_Metal_Gold.uasset" 2709
"E:/Unreal Projects/UnderSeaRepo/Content/StarterContent/Materials/M_Metal_Gold.uexp" 2710
"E:/Unreal Projects/UnderSeaRepo/Content/StarterContent/Audio/Starter_Background_Cue.uasset" 2711
"E:/Unreal Projects/UnderSeaRepo/Content/StarterContent/Audio/Starter_Background_Cue.uexp" 2712
"E:/Unreal Projects/UnderSeaRepo/Content/StarterContent/Maps/StarterMap_BuiltData.uasset" 2713
"E:/Unreal Projects/UnderSeaRepo/Content/StarterContent/Maps/StarterMap_BuiltData.ubulk" 2714
"E:/Unreal Projects/UnderSeaRepo/Content/StarterContent/Maps/StarterMap_BuiltData.uexp" 2715
"E:/Unreal Projects/UnderSeaRepo/Content/StarterContent/Props/SM_CornerFrame.uasset" 2716
"E:/Unreal Projects/UnderSeaRepo/Content/StarterContent/Props/SM_CornerFrame.ubulk" 2717
"E:/Unreal Projects/UnderSeaRepo/Content/StarterContent/Props/SM_CornerFrame.uexp" 2718
"E:/Unreal Projects/UnderSeaRepo/Content/StarterContent/Shapes/Shape_Sphere.uasset" 2719
"E:/Unreal Projects/UnderSeaRepo/Content/StarterContent/Shapes/Shape_Sphere.ubulk" 2720
"E:/Unreal Projects/UnderSeaRepo/Content/StarterContent/Shapes/Shape_Sphere.uexp" 2721
"E:/Unreal Projects/UnderSeaRepo/Content/StarterContent/Audio/Starter_Music_Cue.uasset" 2722
"E:/Unreal Projects/UnderSeaRepo/Content/StarterContent/Audio/Starter_Music_Cue.uexp" 2723
"E:/Unreal Projects/UnderSeaRepo/Content/StarterContent/Shapes/Shape_QuadPyramid.uasset" 2724
"E:/Unreal Projects/UnderSeaRepo/Content/StarterContent/Shapes/Shape_QuadPyramid.ubulk" 2725
"E:/Unreal Projects/UnderSeaRepo/Content/StarterContent/Shapes/Shape_QuadPyramid.uexp" 2726
"E:/Unreal Projects/UnderSeaRepo/Content/StarterContent/Textures/T_Metal_Aluminum_D.uasset" 2727
"E:/Unreal Projects/UnderSeaRepo/Content/StarterContent/Textures/T_Metal_Aluminum_D.ubulk" 2728
"E:/Unreal Projects/UnderSeaRepo/Content/StarterContent/Textures/T_Metal_Aluminum_D.uexp" 2729
"E:/Unreal Projects/UnderSeaRepo/Content/StarterContent/Materials/M_Metal_Burnished_Steel.uasset" 2730
"E:/Unreal Projects/UnderSeaRepo/Content/StarterContent/Materials/M_Metal_Burnished_Steel.uexp" 2731
"E:/Unreal Projects/UnderSeaRepo/Content/StarterContent/Props/SM_Chair.uasset" 2732
"E:/Unreal Projects/UnderSeaRepo/Content/StarterContent/Props/SM_Chair.ubulk" 2733
"E:/Unreal Projects/UnderSeaRepo/Content/StarterContent/Props/SM_Chair.uexp" 2734
"E:/Unreal Projects/UnderSeaRepo/Content/StarterContent/Textures/T_Concrete_Panels_D.uasset" 2735
"E:/Unreal Projects/UnderSeaRepo/Content/StarterContent/Textures/T_Concrete_Panels_D.ubulk" 2736
"E:/Unreal Projects/UnderSeaRepo/Content/StarterContent/Textures/T_Concrete_Panels_D.uexp" 2737
"E:/Unreal Projects/UnderSeaRepo/Content/StarterContent/Textures/T_Concrete_Panels_N.uasset" 2738
"E:/Unreal Projects/UnderSeaRepo/Content/StarterContent/Textures/T_Concrete_Panels_N.ubulk" 2739
"E:/Unreal Projects/UnderSeaRepo/Content/StarterContent/Textures/T_Concrete_Panels_N.uexp" 2740
"E:/Unreal Projects/UnderSeaRepo/Content/StarterContent/Materials/M_Concrete_Panels.uasset" 2741
"E:/Unreal Projects/UnderSeaRepo/Content/StarterContent/Materials/M_Concrete_Panels.uexp" 2742
"E:/Unreal Projects/UnderSeaRepo/Content/StarterContent/Maps/StarterMap.umap" 2743
"E:/Unreal Projects/UnderSeaRepo/Content/StarterContent/Maps/StarterMap.uexp" 2744
"E:/Unreal Projects/UnderSeaRepo/Content/StarterContent/Maps/Minimal_Default_BuiltData.uasset" 2745
"E:/Unreal Projects/UnderSeaRepo/Content/StarterContent/Maps/Minimal_Default_BuiltData.ubulk" 2746
"E:/Unreal Projects/UnderSeaRepo/Content/StarterContent/Maps/Minimal_Default_BuiltData.uexp" 2747
"E:/Unreal Projects/UnderSeaRepo/Content/StarterContent/Maps/Minimal_Default.umap" 2748
"E:/Unreal Projects/UnderSeaRepo/Content/StarterContent/Maps/Minimal_Default.uexp" 2749
"E:/Unreal Projects/UnderSeaRepo/Content/StarterContent/Maps/Advanced_Lighting_BuiltData.uasset" 2750
"E:/Unreal Projects/UnderSeaRepo/Content/StarterContent/Maps/Advanced_Lighting_BuiltData.ubulk" 2751
"E:/Unreal Projects/UnderSeaRepo/Content/StarterContent/Maps/Advanced_Lighting_BuiltData.uexp" 2752
"E:/Unreal Projects/UnderSeaRepo/Content/StarterContent/Materials/M_AssetPlatform.uasset" 2753
"E:/Unreal Projects/UnderSeaRepo/Content/StarterContent/Materials/M_AssetPlatform.uexp" 2754
"E:/Unreal Projects/UnderSeaRepo/Content/StarterContent/Architecture/SM_AssetPlatform.uasset" 2755
"E:/Unreal Projects/UnderSeaRepo/Content/StarterContent/Architecture/SM_AssetPlatform.ubulk" 2756
"E:/Unreal Projects/UnderSeaRepo/Content/StarterContent/Architecture/SM_AssetPlatform.uexp" 2757
"../../../Engine/Content/MapTemplates/Sky/DaylightAmbientCubemap.uasset" 2758
"../../../Engine/Content/MapTemplates/Sky/DaylightAmbientCubemap.uexp" 2759
"E:/Unreal Projects/UnderSeaRepo/Content/StarterContent/Blueprints/Assets/M_LightStage_Skybox_Master.uasset" 2760
"E:/Unreal Projects/UnderSeaRepo/Content/StarterContent/Blueprints/Assets/M_LightStage_Skybox_Master.uexp" 2761
"E:/Unreal Projects/UnderSeaRepo/Content/StarterContent/Blueprints/Assets/M_LightStage_Skybox_HDRI.uasset" 2762
"E:/Unreal Projects/UnderSeaRepo/Content/StarterContent/Blueprints/Assets/M_LightStage_Skybox_HDRI.uexp" 2763
"E:/Unreal Projects/UnderSeaRepo/Content/StarterContent/HDRI/HDRI_Epic_Courtyard_Daylight.uasset" 2764
"E:/Unreal Projects/UnderSeaRepo/Content/StarterContent/HDRI/HDRI_Epic_Courtyard_Daylight.uexp" 2765
"E:/Unreal Projects/UnderSeaRepo/Content/StarterContent/Blueprints/Assets/SunlightColorLUT.uasset" 2766
"E:/Unreal Projects/UnderSeaRepo/Content/StarterContent/Blueprints/Assets/SunlightColorLUT.uexp" 2767
"E:/Unreal Projects/UnderSeaRepo/Content/StarterContent/Blueprints/Assets/M_LightStage_Skybox_Black.uasset" 2768
"E:/Unreal Projects/UnderSeaRepo/Content/StarterContent/Blueprints/Assets/M_LightStage_Skybox_Black.uexp" 2769
"E:/Unreal Projects/UnderSeaRepo/Content/StarterContent/Blueprints/Assets/FogBrightnessLUT.uasset" 2770
"E:/Unreal Projects/UnderSeaRepo/Content/StarterContent/Blueprints/Assets/FogBrightnessLUT.uexp" 2771
"E:/Unreal Projects/UnderSeaRepo/Content/StarterContent/Blueprints/Assets/SM_Arrows.uasset" 2772
"E:/Unreal Projects/UnderSeaRepo/Content/StarterContent/Blueprints/Assets/SM_Arrows.ubulk" 2773
"E:/Unreal Projects/UnderSeaRepo/Content/StarterContent/Blueprints/Assets/SM_Arrows.uexp" 2774
"E:/Unreal Projects/UnderSeaRepo/Content/StarterContent/Blueprints/Assets/M_LightStage_Arrows.uasset" 2775
"E:/Unreal Projects/UnderSeaRepo/Content/StarterContent/Blueprints/Assets/M_LightStage_Arrows.uexp" 2776
"../../../Engine/Content/ArtTools/RenderToTexture/MaterialFunctions/CheckerPattern.uasset" 2777
"../../../Engine/Content/ArtTools/RenderToTexture/MaterialFunctions/CheckerPattern.uexp" 2778
"../../../Engine/Content/Functions/Engine_MaterialFunctions02/ScreenResolution.uasset" 2779
"../../../Engine/Content/Functions/Engine_MaterialFunctions02/ScreenResolution.uexp" 2780
"../../../Engine/Content/Functions/Engine_MaterialFunctions02/Texturing/ScreenAlignedUVs.uasset" 2781
"../../../Engine/Content/Functions/Engine_MaterialFunctions02/Texturing/ScreenAlignedUVs.uexp" 2782
"../../../Engine/Content/EditorMaterials/Thumbnails/SkySphereMaterial.uasset" 2783
"../../../Engine/Content/EditorMaterials/Thumbnails/SkySphereMaterial.uexp" 2784
"E:/Unreal Projects/UnderSeaRepo/Content/StarterContent/Blueprints/Assets/Skybox.uasset" 2785
"E:/Unreal Projects/UnderSeaRepo/Content/StarterContent/Blueprints/Assets/Skybox.ubulk" 2786
"E:/Unreal Projects/UnderSeaRepo/Content/StarterContent/Blueprints/Assets/Skybox.uexp" 2787
"E:/Unreal Projects/UnderSeaRepo/Content/StarterContent/Blueprints/BP_LightStudio.uasset" 2788
"E:/Unreal Projects/UnderSeaRepo/Content/StarterContent/Blueprints/BP_LightStudio.uexp" 2789
"../../../Engine/Content/EditorMeshes/ColorCalibrator/M_GreyBall.uasset" 2790
"../../../Engine/Content/EditorMeshes/ColorCalibrator/M_GreyBall.uexp" 2791
"../../../Engine/Content/EditorMeshes/ColorCalibrator/M_ClearCoat.uasset" 2792
"../../../Engine/Content/EditorMeshes/ColorCalibrator/M_ClearCoat.uexp" 2793
"../../../Engine/Content/EditorMeshes/ColorCalibrator/M_ChromeBall.uasset" 2794
"../../../Engine/Content/EditorMeshes/ColorCalibrator/M_ChromeBall.uexp" 2795
"../../../Engine/Content/EditorMeshes/ColorCalibrator/M_ClearCoatBlack.uasset" 2796
"../../../Engine/Content/EditorMeshes/ColorCalibrator/M_ClearCoatBlack.uexp" 2797
"../../../Engine/Content/EditorMeshes/ColorCalibrator/Color_checker.uasset" 2798
"../../../Engine/Content/EditorMeshes/ColorCalibrator/Color_checker.ubulk" 2799
"../../../Engine/Content/EditorMeshes/ColorCalibrator/Color_checker.uexp" 2800
"../../../Engine/Content/EditorMeshes/ColorCalibrator/M_ColorGrid.uasset" 2801
"../../../Engine/Content/EditorMeshes/ColorCalibrator/M_ColorGrid.uexp" 2802
"../../../Engine/Content/EditorMeshes/ColorCalibrator/SM_ColorCalibrator.uasset" 2803
"../../../Engine/Content/EditorMeshes/ColorCalibrator/SM_ColorCalibrator.ubulk" 2804
"../../../Engine/Content/EditorMeshes/ColorCalibrator/SM_ColorCalibrator.uexp" 2805
"E:/Unreal Projects/UnderSeaRepo/Content/StarterContent/Maps/Advanced_Lighting.umap" 2806
"E:/Unreal Projects/UnderSeaRepo/Content/StarterContent/Maps/Advanced_Lighting.uexp" 2807
"../../../Engine/Content/Maps/Entry_BuiltData.uasset" 2808
"../../../Engine/Content/Maps/Entry_BuiltData.uexp" 2809
"../../../Engine/Content/Maps/Entry.umap" 2810
"../../../Engine/Content/Maps/Entry.uexp" 2811
